application_id,first_name,last_name,age,employment_type,employment_years,annual_income,credit_score,debt_to_income_ratio,savings_balance,existing_loans_count,missed_payments_12m,home_ownership,loan_purpose,loan_term_months,interest_rate,requested_loan_amount,loan_approved,loan_approved decision,approved_loan_amount
APP00002,Aiden0002,Baker0002,55,Salaried,27,90949.6,643,0.313,9760.72,3,0,Rent,Business,48,14.35,24216.29,1,Yes,16041.35
APP00003,Amara0003,Brooks0003,50,Salaried,24,60941.84,748,0.476,53373.76,2,0,Mortgage,Personal,72,13.05,29579.03,1,Yes,19484.45
APP00005,Caleb0005,Coleman0005,40,Business Owner,18,57200.5,654,0.465,32561.08,2,0,Rent,Medical,12,14,27119.93,1,Yes,15375.22
APP00010,Eva0010,Foster0010,25,Business Owner,0,98637.37,519,0.569,64155.87,4,0,Rent,Home Improvement,12,18.31,19481.81,1,Yes,6891.17
APP00012,Henry0012,Gomez0012,64,Self-Employed,36,31714.23,814,0.416,18727.89,2,0,Rent,Medical,36,11.02,9329.5,1,Yes,7244.91
APP00013,Isla0013,Gray0013,54,Salaried,31,73263.34,722,0.34,80706.16,2,3,Rent,Education,36,14.64,17529.91,1,Yes,10063
APP00015,James0015,Harris0015,53,Self-Employed,27,30130.04,632,0.155,5232.83,4,0,Mortgage,Auto,60,14.03,13404.74,1,Yes,7402.52
APP00016,Liam0016,Hill0016,56,Salaried,27,66527.23,683,0.08,20934.51,0,0,Rent,Business,36,13.18,36683.48,1,Yes,26700.63
APP00018,Mason0018,Johnson0018,26,Salaried,1,71009.84,613,0.348,30120.53,1,0,Rent,Business,24,14.84,31433.4,1,Yes,18882.08
APP00019,Mia0019,King0019,58,Self-Employed,37,79737.2,655,0.263,83381.48,1,0,Mortgage,Education,48,13.02,35414.46,1,Yes,22831.24
APP00025,Samuel0025,Parker0025,56,Contract,27,116748.04,726,0.289,22567.19,0,3,Mortgage,Education,60,15.66,72710.86,1,Yes,50253.81
APP00026,Sophia0026,Reed0026,49,Salaried,28,134533.21,700,0.428,31872.69,1,0,Mortgage,Business,72,13.07,57127.61,1,Yes,42571.71
APP00027,Thomas0027,Rivera0027,39,Self-Employed,18,108419.52,762,0.23,43214.26,0,0,Mortgage,Education,24,13.43,58388.78,1,Yes,52615.08
APP00030,Zara0030,Walker0030,40,Salaried,16,84725.35,706,0.143,6649.55,2,0,Mortgage,Education,72,12.74,24854.21,1,Yes,16955.35
APP00033,Amara0033,Brooks0033,25,Salaried,0,86923.94,850,0.148,104063.13,0,2,Own,Business,60,11.81,64124.57,1,Yes,58837.87
APP00037,Daniel0037,Diaz0037,59,Salaried,29,79806.44,701,0.366,7311.71,0,0,Own,Business,60,13.56,14135.17,1,Yes,9004.02
APP00039,Ethan0039,Evans0039,33,Business Owner,8,69926.11,775,0.093,11523.97,1,1,Rent,Education,48,11.9,18994.56,1,Yes,15589.64
APP00040,Eva0040,Foster0040,49,Contract,20,81116,672,0.293,41455.58,2,0,Mortgage,Business,24,13.63,13685.77,1,Yes,10552.39
APP00042,Henry0042,Gomez0042,55,Self-Employed,26,84323.13,781,0.215,77297.18,0,0,Rent,Home Improvement,12,10.19,28565.19,1,Yes,23558.59
APP00043,Isla0043,Gray0043,52,Salaried,27,71152.38,733,0.075,84159.23,1,2,Own,Home Improvement,12,12.39,20493.01,1,Yes,14462.39
APP00044,Jack0044,Hall0044,36,Salaried,12,34421.41,573,0.28,31253.12,0,0,Mortgage,Auto,48,15.38,14336,1,Yes,7093.27
APP00046,Liam0046,Hill0046,64,Salaried,40,47894.92,736,0.227,43936.59,0,0,Rent,Medical,24,12.34,17785.08,1,Yes,14093.43
APP00049,Mia0049,King0049,51,Salaried,24,37897.09,694,0.134,14644.51,0,1,Rent,Medical,24,12.76,21642.3,1,Yes,14345.19
APP00053,Owen0053,Mitchell0053,37,Salaried,11,79297.8,721,0.051,17291.34,4,0,Mortgage,Business,72,12.33,31350.42,1,Yes,27369.48
APP00054,Ryan0054,Moore0054,42,Salaried,12,69915.58,681,0.51,48955.19,0,0,Rent,Auto,12,14.16,14082.21,1,Yes,8445
APP00060,Zara0060,Walker0060,51,Self-Employed,27,22494.03,728,0.472,12686.32,0,0,Mortgage,Personal,36,14.31,4003.86,1,Yes,2432.92
APP00064,Bella0064,Carter0064,64,Salaried,36,102389.08,791,0.406,78809.79,1,0,Own,Home Improvement,48,12.64,17473.93,1,Yes,13119.81
APP00066,Chloe0066,Cooper0066,35,Salaried,11,47903.19,736,0.399,15921.23,0,0,Mortgage,Home Improvement,36,13.72,27847.37,1,Yes,20206.01
APP00072,Henry0072,Gomez0072,29,Salaried,6,86219.81,596,0.296,4941.8,2,0,Rent,Auto,60,14.66,41366.97,1,Yes,21784.6
APP00073,Isla0073,Gray0073,41,Salaried,13,81383.71,705,0.374,73696.92,0,0,Rent,Personal,48,12.77,17712.57,1,Yes,12776.45
APP00075,James0075,Harris0075,51,Salaried,26,92999.76,736,0.064,110831.57,2,0,Own,Medical,12,11.57,31848.55,1,Yes,26141.92
APP00076,Liam0076,Hill0076,42,Contract,20,82162.53,843,0.327,78204.51,0,0,Own,Education,12,11.04,37054.82,1,Yes,30285.79
APP00078,Mason0078,Johnson0078,31,Self-Employed,9,42576.35,563,0.318,50000.22,0,0,Own,Personal,60,14.69,17478.36,1,Yes,9418.18
APP00080,Noah0080,Lewis0080,51,Self-Employed,22,47105.81,736,0.262,20428.03,1,0,Rent,Home Improvement,60,12.63,24009.06,1,Yes,16424.6
APP00081,Nora0081,Lopez0081,63,Self-Employed,33,76593.49,722,0.311,64372.04,0,2,Own,Business,60,13.87,40072.95,1,Yes,22755.76
APP00084,Ryan0084,Moore0084,58,Salaried,32,34314.04,745,0.241,41070.19,0,0,Rent,Medical,60,12.54,13784.53,1,Yes,11328.63
APP00085,Samuel0085,Parker0085,49,Salaried,26,54735.57,576,0.358,51524.24,0,0,Mortgage,Home Improvement,12,13.96,25635.03,1,Yes,13176.02
APP00087,Thomas0087,Rivera0087,25,Self-Employed,0,180305.59,850,0.348,89947.38,4,0,Mortgage,Medical,36,9.98,105464.07,1,Yes,105464.07
APP00093,Amara0093,Brooks0093,58,Contract,29,73293.48,587,0.186,29382.73,2,0,Own,Business,24,14.37,44798.21,1,Yes,28297.85
APP00094,Bella0094,Carter0094,38,Self-Employed,14,55990.74,557,0.05,26021.95,1,2,Own,Business,60,16.18,28362.24,1,Yes,14384.75
APP00095,Caleb0095,Coleman0095,61,Salaried,37,115430.33,826,0.409,96473.4,1,0,Mortgage,Business,24,11.34,36149.36,1,Yes,34431.49
APP00099,Ethan0099,Evans0099,49,Salaried,28,58395.06,665,0.128,36069.57,0,3,Rent,Business,12,14.54,30491.15,1,Yes,18141.72
APP00101,Grace0101,Garcia0101,58,Business Owner,33,73633.88,677,0.242,25104.44,2,0,Mortgage,Home Improvement,36,13.59,39347.19,1,Yes,26588.81
APP00104,Jack0104,Hall0104,21,Salaried,0,54912.77,651,0.12,32479.39,3,0,Rent,Education,12,12.42,37202.95,1,Yes,23644.04
APP00107,Lucas0107,Jackson0107,56,Salaried,33,29299.99,658,0.167,29385.19,1,0,Own,Personal,72,13.25,14438.39,1,Yes,9046.58
APP00108,Mason0108,Johnson0108,50,Salaried,20,39787.37,685,0.461,13047.6,1,0,Own,Personal,60,15.34,16438.7,1,Yes,9074.95
APP00110,Noah0110,Lewis0110,52,Business Owner,31,108624.88,677,0.056,93489.33,3,1,Rent,Personal,72,12.14,80143.1,1,Yes,63623.56
APP00111,Nora0111,Lopez0111,33,Salaried,6,212403.86,685,0.175,200000,1,1,Rent,Education,36,13.69,47069.56,1,Yes,37868.79
APP00113,Owen0113,Mitchell0113,46,Contract,24,114460.48,602,0.409,33277.2,0,0,Rent,Auto,36,15.42,61980.67,1,Yes,39587.47
APP00115,Samuel0115,Parker0115,43,Salaried,21,56052.18,713,0.185,60817.34,3,0,Own,Personal,36,12.77,22546.48,1,Yes,16674.64
APP00122,Aiden0122,Baker0122,51,Self-Employed,30,80503.83,627,0.396,17985.57,1,0,Rent,Auto,36,14.42,36101.28,1,Yes,23252.23
APP00124,Bella0124,Carter0124,42,Salaried,19,45883.45,697,0.433,27080.37,0,2,Own,Education,36,15.59,20189.93,1,Yes,11452.78
APP00125,Caleb0125,Coleman0125,59,Salaried,30,60230.09,733,0.224,62086.66,1,0,Mortgage,Education,36,11.91,21912.55,1,Yes,15565.77
APP00126,Chloe0126,Cooper0126,46,Salaried,17,85803.87,691,0.674,93832.55,3,1,Rent,Education,60,16.2,21464.14,1,Yes,12176.21
APP00129,Ethan0129,Evans0129,46,Salaried,20,104185.86,747,0.134,95890.95,3,0,Rent,Medical,72,11.9,41968.33,1,Yes,36385.81
APP00130,Eva0130,Foster0130,49,Salaried,22,122116.81,754,0.323,135519.95,0,3,Mortgage,Personal,48,14.72,54829.86,1,Yes,39099.86
APP00135,James0135,Harris0135,56,Self-Employed,29,79098.13,534,0.305,8175.91,2,1,Rent,Home Improvement,36,16.26,45314.21,1,Yes,19176.18
APP00136,Liam0136,Hill0136,34,Salaried,13,78539.43,619,0.297,32243.27,1,2,Own,Business,12,15.43,18446.26,1,Yes,11486.66
APP00137,Lucas0137,Jackson0137,48,Self-Employed,20,75807.09,746,0.152,84505.39,2,0,Rent,Business,84,11.79,38580.47,1,Yes,32737.5
APP00140,Noah0140,Lewis0140,40,Contract,14,32597.26,799,0.117,19488.68,0,0,Own,Education,36,11.38,19512.39,1,Yes,16029.49
APP00142,Olivia0142,Martin0142,30,Self-Employed,6,107872.38,612,0.409,65924.71,3,0,Mortgage,Education,24,15.27,57084.96,1,Yes,33266.21
APP00144,Ryan0144,Moore0144,39,Salaried,10,117175.62,713,0.305,123434.73,2,0,Mortgage,Business,72,13.73,50695.48,1,Yes,37811.73
APP00145,Samuel0145,Parker0145,65,Business Owner,40,53095.44,722,0.129,36881.04,0,2,Mortgage,Auto,72,13.33,16619.85,1,Yes,10527.38
APP00146,Sophia0146,Reed0146,59,Contract,34,35724.35,757,0.211,18404.54,1,0,Own,Auto,36,11.87,8765.2,1,Yes,6536.09
APP00151,Aarav0151,Adams0151,59,Self-Employed,35,50997.31,689,0.271,7385.63,0,0,Own,Education,36,14.07,24654.16,1,Yes,15337.84
APP00152,Aiden0152,Baker0152,33,Self-Employed,7,70299.18,698,0.323,16442.5,1,0,Own,Medical,12,13.73,19221.07,1,Yes,13266.89
APP00157,Daniel0157,Diaz0157,26,Salaried,4,53958.83,686,0.157,8581.96,1,0,Mortgage,Personal,84,12.56,27685.29,1,Yes,22500.15
APP00159,Ethan0159,Evans0159,43,Salaried,19,53131.75,696,0.396,25166.75,2,0,Mortgage,Education,48,13.51,26701.4,1,Yes,17407.57
APP00161,Grace0161,Garcia0161,65,Salaried,39,57399.97,635,0.187,40494.69,1,0,Mortgage,Auto,48,13.24,27147.59,1,Yes,18858.24
APP00162,Henry0162,Gomez0162,50,Self-Employed,25,53763.31,716,0.214,3514.94,1,1,Mortgage,Auto,72,13.13,25954.11,1,Yes,17227.9
APP00164,Jack0164,Hall0164,39,Salaried,13,40123.06,688,0.118,40940.6,0,0,Rent,Medical,48,12.3,8016.93,1,Yes,5376.96
APP00170,Noah0170,Lewis0170,22,Salaried,0,61689.37,701,0.093,21105.9,1,0,Own,Medical,48,11.02,36716.68,1,Yes,26358.39
APP00171,Nora0171,Lopez0171,25,Salaried,0,61013.62,752,0.249,43140.29,1,0,Rent,Home Improvement,84,12.51,31038.87,1,Yes,22934.23
APP00173,Owen0173,Mitchell0173,55,Salaried,31,60102.59,787,0.543,68061.22,0,0,Rent,Home Improvement,60,13.32,32261.49,1,Yes,23631.22
APP00174,Ryan0174,Moore0174,53,Business Owner,31,130034.83,672,0.294,139131.43,3,2,Rent,Business,36,14.87,52867.41,1,Yes,36655.74
APP00175,Samuel0175,Parker0175,52,Salaried,31,21126.32,652,0.114,9241.84,4,1,Rent,Business,48,14.66,14121.09,1,Yes,8175.66
APP00179,William0179,Turner0179,61,Salaried,38,81850.27,621,0.399,30679.77,0,0,Rent,Business,48,16,46301.1,1,Yes,26503.89
APP00185,Caleb0185,Coleman0185,43,Salaried,18,92530.7,742,0.186,10952.41,1,0,Rent,Personal,24,11.68,49026.35,1,Yes,38423.13
APP00188,Elena0188,Edwards0188,38,Salaried,12,82134.83,699,0.304,63033.91,0,0,Mortgage,Home Improvement,36,14.1,22074.47,1,Yes,15487.77
APP00190,Eva0190,Foster0190,34,Self-Employed,13,60036.19,708,0.404,29129.87,1,0,Own,Business,48,13.3,20434.26,1,Yes,12583.92
APP00193,Isla0193,Gray0193,48,Salaried,26,31702.22,617,0.551,31782.02,3,0,Rent,Education,72,15.56,14568.56,1,Yes,6974.97
APP00195,James0195,Harris0195,64,Salaried,38,50951.66,600,0.152,34672.42,1,0,Own,Medical,72,14.33,19536.67,1,Yes,12508.78
APP00198,Mason0198,Johnson0198,26,Salaried,0,38514.06,731,0.21,4309.69,1,0,Mortgage,Auto,60,11.33,8705.07,1,Yes,6129.82
APP00200,Noah0200,Lewis0200,64,Salaried,37,181305.85,850,0.185,183398.89,3,0,Rent,Personal,12,10.3,102192.94,1,Yes,102192.94
APP00208,Victor0208,Scott0208,64,Contract,36,57752.22,708,0.332,54471.79,0,2,Rent,Personal,36,14.16,22541,1,Yes,11932.25
APP00210,Zara0210,Walker0210,56,Salaried,26,42583.04,721,0.252,19122.86,4,1,Rent,Auto,48,13.48,12749.97,1,Yes,7135.71
APP00212,Aiden0212,Baker0212,53,Salaried,25,70749.03,731,0.206,59356.7,1,0,Own,Personal,36,11.6,18807.17,1,Yes,14300.86
APP00215,Caleb0215,Coleman0215,54,Salaried,33,88142.35,700,0.368,70162.61,0,0,Mortgage,Auto,60,13.43,26136.49,1,Yes,16990.25
APP00217,Daniel0217,Diaz0217,24,Contract,0,79768.65,595,0.415,10398.83,2,0,Rent,Medical,60,15.4,42851.28,1,Yes,23600.83
APP00220,Eva0220,Foster0220,61,Salaried,36,52042.23,670,0.185,40344.16,3,0,Mortgage,Education,24,12.71,21517.84,1,Yes,13796.1
APP00224,Jack0224,Hall0224,30,Contract,3,119539.29,742,0.09,102502.61,0,0,Rent,Business,60,11.77,65512.17,1,Yes,59255.56
APP00225,James0225,Harris0225,53,Salaried,28,94417.31,601,0.309,93386.9,2,1,Mortgage,Home Improvement,36,15.07,53200,1,Yes,25929.13
APP00226,Liam0226,Hill0226,34,Salaried,4,53455.54,595,0.315,49703.36,3,0,Mortgage,Home Improvement,36,14.35,11706.68,1,Yes,6251.99
APP00227,Lucas0227,Jackson0227,57,Salaried,35,84090.99,683,0.182,78748.99,3,0,Mortgage,Education,84,12.73,56324.46,1,Yes,45483.68
APP00228,Mason0228,Johnson0228,47,Contract,17,143244.31,695,0.198,153526.83,0,0,Rent,Education,24,14.02,51798.15,1,Yes,46040.13
APP00229,Mia0229,King0229,45,Salaried,23,144975.19,522,0.444,21283.13,2,0,Own,Education,12,16.42,47829.48,1,Yes,25693.12
APP00232,Olivia0232,Martin0232,59,Salaried,31,117044.95,662,0.253,83066.59,1,0,Rent,Home Improvement,60,13.53,50550.85,1,Yes,34770.65
APP00233,Owen0233,Mitchell0233,21,Salaried,0,37267.37,611,0.102,11177,0,0,Rent,Business,60,13.25,12847.04,1,Yes,9013.14
APP00236,Sophia0236,Reed0236,53,Business Owner,29,72489.85,688,0.288,31597.7,1,0,Own,Education,48,13.88,39826.7,1,Yes,27317.82
APP00237,Thomas0237,Rivera0237,50,Salaried,29,57298.02,731,0.357,14202.55,1,0,Rent,Medical,12,13.44,17352.56,1,Yes,11328.49
APP00240,Zara0240,Walker0240,49,Business Owner,28,43544.91,641,0.276,26776.94,3,0,Own,Auto,12,14.87,17441.51,1,Yes,10359.67
APP00243,Amara0243,Brooks0243,25,Salaried,0,68595.34,643,0.197,44025.88,2,0,Rent,Business,36,13.17,32687.46,1,Yes,20724.55
APP00245,Caleb0245,Coleman0245,49,Self-Employed,20,48147.04,763,0.165,47685.87,0,0,Mortgage,Home Improvement,48,11.84,32443.54,1,Yes,27526.95
APP00246,Chloe0246,Cooper0246,24,Business Owner,0,55183.5,790,0.346,17972.18,0,0,Rent,Medical,24,13.21,26738.09,1,Yes,23344.06
APP00248,Elena0248,Edwards0248,39,Salaried,14,18193.71,606,0.368,14080.56,0,0,Rent,Medical,60,15.54,10604.54,1,Yes,5442.18
APP00250,Eva0250,Foster0250,22,Business Owner,0,26564.25,681,0.064,18217.17,0,0,Mortgage,Education,48,12.46,19388.11,1,Yes,13304.7
APP00257,Lucas0257,Jackson0257,51,Self-Employed,28,85327.44,613,0.155,69810.21,2,1,Mortgage,Medical,60,15.68,41619.26,1,Yes,23808.67
APP00260,Noah0260,Lewis0260,47,Self-Employed,18,83284.79,693,0.257,54463.21,0,0,Rent,Personal,48,13.17,41162.24,1,Yes,32833.29
APP00262,Olivia0262,Martin0262,28,Contract,0,77179.8,850,0.201,66840.83,1,2,Mortgage,Auto,24,12.94,15103.48,1,Yes,11356.54
APP00263,Owen0263,Mitchell0263,34,Self-Employed,9,77411.01,704,0.132,58218.4,0,1,Own,Auto,24,12.92,55295.16,1,Yes,37177.01
APP00265,Samuel0265,Parker0265,65,Salaried,40,36201.44,588,0.081,7083.19,1,0,Own,Personal,60,14.9,16482.37,1,Yes,8459.69
APP00267,Thomas0267,Rivera0267,41,Self-Employed,20,62381.71,815,0.159,49462.35,0,0,Rent,Medical,36,9.57,23529.77,1,Yes,21941.51
APP00270,Zara0270,Walker0270,47,Contract,26,60722.12,677,0.357,20264.84,0,0,Mortgage,Personal,24,12.89,34357.95,1,Yes,20126.39
APP00273,Amara0273,Brooks0273,27,Contract,0,120625.49,654,0.159,83859.61,2,1,Mortgage,Education,84,14.57,63304.25,1,Yes,42458.14
APP00274,Bella0274,Carter0274,64,Contract,37,106589.6,784,0.154,54563.33,0,2,Mortgage,Medical,36,12.78,22450.28,1,Yes,19936.31
APP00276,Chloe0276,Cooper0276,42,Self-Employed,14,127990.8,562,0.352,84075.54,1,0,Mortgage,Auto,12,15.29,39331.96,1,Yes,23566.54
APP00278,Elena0278,Edwards0278,56,Salaried,28,96018.16,722,0.196,10887.6,0,0,Mortgage,Home Improvement,24,13.11,55475.5,1,Yes,45285.79
APP00286,Liam0286,Hill0286,63,Contract,40,41918.81,737,0.099,35294.26,1,3,Rent,Medical,36,13.44,25127.53,1,Yes,19145.7
APP00287,Lucas0287,Jackson0287,28,Salaried,0,68733.13,478,0.211,69347.82,3,0,Mortgage,Auto,48,16.1,33039.88,1,Yes,10990.39
APP00292,Olivia0292,Martin0292,33,Self-Employed,4,131260.8,772,0.134,123085.12,0,1,Own,Medical,36,12,80534.1,1,Yes,71352.59
APP00295,Samuel0295,Parker0295,45,Salaried,15,62688.66,613,0.05,57520.1,1,1,Rent,Medical,72,13.54,24632.41,1,Yes,14600.92
APP00296,Sophia0296,Reed0296,44,Salaried,18,85836.53,692,0.184,55399.67,0,2,Mortgage,Business,72,13.98,47146.87,1,Yes,35405.04
APP00298,Victor0298,Scott0298,40,Business Owner,13,58676.72,721,0.169,40928.96,3,1,Rent,Medical,36,14,35123.91,1,Yes,25551.49
APP00301,Aarav0301,Adams0301,37,Salaried,9,80824.59,662,0.194,31814.49,0,0,Rent,Auto,48,12.42,22649.1,1,Yes,16748.36
APP00304,Bella0304,Carter0304,61,Self-Employed,32,119818.62,715,0.361,80768.79,1,0,Mortgage,Home Improvement,60,14.35,63840.45,1,Yes,46522.01
APP00306,Chloe0306,Cooper0306,27,Business Owner,0,50684.46,734,0.181,16953.93,1,0,Mortgage,Auto,12,12.21,35028.92,1,Yes,24883.68
APP00308,Elena0308,Edwards0308,45,Salaried,22,45318.9,691,0.05,51369.37,0,2,Mortgage,Education,36,13.3,34029.18,1,Yes,19990.27
APP00311,Grace0311,Garcia0311,50,Self-Employed,24,124384.33,840,0.239,101681.22,1,3,Rent,Business,24,12.66,74457.9,1,Yes,57165.7
APP00312,Henry0312,Gomez0312,51,Salaried,27,70669.12,634,0.285,46819.95,4,0,Mortgage,Medical,36,14.7,45818.94,1,Yes,26870.99
APP00316,Liam0316,Hill0316,50,Business Owner,27,24239.86,774,0.083,17569.38,0,0,Mortgage,Medical,36,10.94,15419.39,1,Yes,11355.73
APP00317,Lucas0317,Jackson0317,53,Salaried,25,85838.87,704,0.302,100379.18,2,0,Rent,Education,48,12.88,19915.29,1,Yes,14369.43
APP00318,Mason0318,Johnson0318,53,Business Owner,27,61655.06,719,0.393,65281.93,1,2,Own,Personal,84,14.73,35609.38,1,Yes,18361.72
APP00320,Noah0320,Lewis0320,55,Salaried,31,33031.65,739,0.363,12049.47,0,0,Mortgage,Personal,12,12.34,18644.04,1,Yes,13155.27
APP00322,Olivia0322,Martin0322,25,Business Owner,2,147809.43,763,0.315,173237.01,4,0,Mortgage,Personal,36,12.67,83916.68,1,Yes,75168.46
APP00325,Samuel0325,Parker0325,64,Salaried,35,49243.15,777,0.098,37622.09,0,0,Own,Medical,24,11.59,29268.55,1,Yes,22819.15
APP00330,Zara0330,Walker0330,45,Salaried,21,29527.32,850,0.171,2134.07,1,0,Rent,Auto,60,9.49,5439.77,1,Yes,4484.69
APP00331,Aarav0331,Adams0331,45,Salaried,20,44554.22,616,0.276,6450.43,1,0,Rent,Medical,60,14.92,16766.11,1,Yes,9251.89
APP00332,Aiden0332,Baker0332,37,Self-Employed,9,35640.6,637,0.3,16736.77,1,0,Rent,Home Improvement,36,14.35,8514.59,1,Yes,5219.11
APP00338,Elena0338,Edwards0338,35,Contract,12,53589.25,711,0.179,62222.92,1,0,Mortgage,Business,84,13.4,26796.66,1,Yes,19941.37
APP00341,Grace0341,Garcia0341,49,Business Owner,23,104496.17,681,0.377,81942.91,2,0,Mortgage,Medical,48,14.29,49768.49,1,Yes,34278.31
APP00343,Isla0343,Gray0343,48,Self-Employed,26,51313.76,702,0.531,17446.29,2,1,Own,Education,48,15.49,14917.8,1,Yes,7694.83
APP00344,Jack0344,Hall0344,44,Salaried,18,35280.99,750,0.305,27856.26,0,2,Mortgage,Auto,24,13.29,6437.92,1,Yes,4363.73
APP00345,James0345,Harris0345,61,Salaried,39,86176.82,704,0.119,54951.27,0,0,Mortgage,Home Improvement,12,12.6,65364.7,1,Yes,52973.54
APP00348,Mason0348,Johnson0348,63,Salaried,35,77385.68,722,0.174,39170.58,3,0,Rent,Auto,36,13.2,44271.15,1,Yes,37843.66
APP00356,Sophia0356,Reed0356,65,Salaried,40,59402.31,777,0.414,69708.32,2,0,Own,Auto,60,13.14,15177.39,1,Yes,11301.28
APP00360,Zara0360,Walker0360,54,Salaried,30,68454.19,491,0.19,53107.9,0,0,Own,Business,24,15.91,36815.55,1,Yes,17585.29
APP00361,Aarav0361,Adams0361,59,Contract,38,29351.41,805,0.398,8444.68,1,0,Mortgage,Medical,48,11.66,7502.83,1,Yes,5260.39
APP00362,Aiden0362,Baker0362,61,Self-Employed,40,56748.57,694,0.157,40646.08,1,0,Mortgage,Personal,60,12.37,11062.88,1,Yes,7794.77
APP00364,Bella0364,Carter0364,61,Self-Employed,38,25770.99,603,0.13,18193.45,4,0,Own,Medical,48,14.93,17485.45,1,Yes,8727.49
APP00367,Daniel0367,Diaz0367,42,Self-Employed,18,67754.27,677,0.221,9094.63,1,1,Rent,Home Improvement,60,14.69,33968.09,1,Yes,21273.32
APP00369,Ethan0369,Evans0369,21,Salaried,0,138534.2,687,0.05,76429.07,1,0,Mortgage,Education,60,11.89,64808.34,1,Yes,57721.29
APP00370,Eva0370,Foster0370,55,Salaried,28,74083.54,850,0.117,25027.61,0,0,Own,Auto,24,9.44,47188.34,1,Yes,46202.41
APP00372,Henry0372,Gomez0372,50,Salaried,26,203197.83,769,0.155,51262.03,2,0,Rent,Home Improvement,72,12.42,126285.79,1,Yes,119932.75
APP00373,Isla0373,Gray0373,39,Self-Employed,14,54496.28,752,0.207,61195.46,1,0,Own,Business,24,11.88,21226.23,1,Yes,17621.26
APP00375,James0375,Harris0375,60,Salaried,31,72737.2,664,0.38,33799.21,2,0,Own,Business,60,14.52,20530.19,1,Yes,11911.17
APP00378,Mason0378,Johnson0378,54,Salaried,26,37703.99,749,0.163,41616.8,0,0,Own,Education,72,11.09,21261.61,1,Yes,17852.78
APP00379,Mia0379,King0379,38,Self-Employed,12,169656.29,598,0.237,130917.25,1,0,Rent,Education,60,13.95,49687.85,1,Yes,37588.94
APP00382,Olivia0382,Martin0382,63,Self-Employed,40,90605.34,808,0.235,13470.19,0,0,Mortgage,Auto,72,11.05,41269.86,1,Yes,36170.82
APP00387,Thomas0387,Rivera0387,24,Salaried,0,70317.93,697,0.11,24728.34,0,0,Mortgage,Personal,48,11.55,43666.72,1,Yes,31061.9
APP00388,Victor0388,Scott0388,58,Salaried,34,141907.33,579,0.446,95462.06,0,0,Own,Home Improvement,60,15.47,44585.9,1,Yes,24234.64
APP00389,William0389,Turner0389,61,Self-Employed,32,74004.4,494,0.35,58085.66,0,0,Rent,Personal,12,17.58,35570.49,1,Yes,18448.26
APP00391,Aarav0391,Adams0391,54,Salaried,30,47758.03,708,0.185,29508.9,0,2,Mortgage,Home Improvement,60,14.12,20574.6,1,Yes,13045.08
APP00394,Bella0394,Carter0394,47,Salaried,19,50619.23,813,0.341,52444.2,1,0,Own,Home Improvement,60,11.37,29936.29,1,Yes,22092.73
APP00396,Chloe0396,Cooper0396,60,Contract,34,27505.9,650,0.208,23754.14,0,0,Mortgage,Home Improvement,48,14.22,17065.12,1,Yes,9295.9
APP00397,Daniel0397,Diaz0397,23,Self-Employed,0,88432.95,721,0.498,13433.3,0,0,Mortgage,Auto,84,14.95,23740.38,1,Yes,15679.97
APP00398,Elena0398,Edwards0398,29,Salaried,2,50576.43,850,0.486,59880.36,3,0,Mortgage,Home Improvement,72,11.18,19018.94,1,Yes,14239.02
APP00399,Ethan0399,Evans0399,33,Self-Employed,12,71091.73,806,0.32,81544.13,1,0,Rent,Home Improvement,36,11.51,39775.89,1,Yes,26019.08
APP00400,Eva0400,Foster0400,34,Salaried,11,36132.76,775,0.266,20181.8,1,0,Own,Home Improvement,24,12.33,19126.73,1,Yes,13940.13
APP00401,Grace0401,Garcia0401,65,Salaried,36,109096.03,647,0.05,71187.94,4,3,Mortgage,Personal,60,15.85,79054.65,1,Yes,46057.3
APP00402,Henry0402,Gomez0402,55,Salaried,32,105096.64,605,0.145,77502.58,1,0,Own,Home Improvement,24,14.95,66967.79,1,Yes,45359.53
APP00403,Isla0403,Gray0403,35,Business Owner,12,92403.08,747,0.223,33846.62,0,0,Mortgage,Business,60,11.55,28672.85,1,Yes,23279.43
APP00404,Jack0404,Hall0404,64,Business Owner,40,30347.22,586,0.169,25055.94,1,1,Own,Home Improvement,48,15.8,21943.76,1,Yes,12791.26
APP00405,James0405,Harris0405,43,Salaried,21,87134.16,660,0.2,74355.61,0,0,Rent,Personal,36,13.35,58732.27,1,Yes,42453.74
APP00406,Liam0406,Hill0406,43,Salaried,21,71990.15,670,0.183,47069.9,0,1,Rent,Personal,48,14.37,29174.59,1,Yes,19531.63
APP00407,Lucas0407,Jackson0407,40,Salaried,16,29135.94,815,0.064,6407.05,0,0,Mortgage,Medical,48,10.43,6318.88,1,Yes,5555.54
APP00413,Owen0413,Mitchell0413,33,Salaried,10,116450.9,673,0.101,8573.01,3,0,Own,Personal,72,11.56,25044.75,1,Yes,22701.67
APP00414,Ryan0414,Moore0414,26,Salaried,0,104173.71,657,0.093,48739.62,0,0,Rent,Business,36,13.13,51134.5,1,Yes,43293.19
APP00415,Samuel0415,Parker0415,21,Salaried,0,18000,747,0.101,14139.36,0,1,Mortgage,Auto,12,12.11,7271.92,1,Yes,5119.7
APP00417,Thomas0417,Rivera0417,64,Salaried,37,55715.12,636,0.252,46005.09,3,1,Own,Personal,60,14.52,11959.71,1,Yes,7462.91
APP00420,Zara0420,Walker0420,43,Self-Employed,18,105244.43,543,0.157,12201.83,0,1,Own,Business,60,15.67,62738.74,1,Yes,31069.93
APP00421,Aarav0421,Adams0421,62,Contract,32,36796,737,0.177,28302.08,1,0,Rent,Business,24,10.86,14011.43,1,Yes,11826.16
APP00423,Amara0423,Brooks0423,55,Salaried,29,39734.67,676,0.162,27425.24,3,0,Own,Home Improvement,36,12.83,20144.41,1,Yes,13550.31
APP00425,Caleb0425,Coleman0425,39,Salaried,16,116649.27,740,0.377,114593.9,1,0,Mortgage,Auto,60,11.59,58600.23,1,Yes,45942.38
APP00430,Eva0430,Foster0430,53,Self-Employed,25,78691.74,642,0.431,41736.89,0,1,Rent,Home Improvement,36,16.21,28740.36,1,Yes,14121.81
APP00433,Isla0433,Gray0433,58,Salaried,36,31814.62,730,0.16,21899.45,4,0,Rent,Education,60,11.67,12525.59,1,Yes,9362.62
APP00434,Jack0434,Hall0434,26,Salaried,0,102154.2,642,0.316,22127.58,3,0,Rent,Home Improvement,60,14.55,29196.77,1,Yes,20046.69
APP00442,Olivia0442,Martin0442,34,Self-Employed,8,59763.01,478,0.334,58635.98,1,1,Mortgage,Personal,36,18.8,29551.81,1,Yes,11108.33
APP00448,Victor0448,Scott0448,64,Self-Employed,34,111041.38,774,0.087,98055.04,1,0,Own,Education,12,10.96,53291.72,1,Yes,47071.95
APP00450,Zara0450,Walker0450,33,Business Owner,11,163615.26,617,0.4,180015.76,2,1,Mortgage,Auto,48,16.16,94296.81,1,Yes,55080.4
APP00451,Aarav0451,Adams0451,64,Salaried,40,93907.96,626,0.263,73521.17,2,0,Mortgage,Home Improvement,36,13.55,46552.81,1,Yes,33953.18
APP00452,Aiden0452,Baker0452,62,Self-Employed,40,92884.53,732,0.57,57337.72,1,0,Own,Business,60,15.43,13029.22,1,Yes,9066.59
APP00455,Caleb0455,Coleman0455,47,Salaried,21,54604.19,656,0.538,24452.03,2,0,Own,Medical,36,14.79,13110.62,1,Yes,7783.07
APP00456,Chloe0456,Cooper0456,45,Self-Employed,24,71527.6,812,0.179,63387.2,1,0,Mortgage,Home Improvement,12,11.62,48623.81,1,Yes,44918.93
APP00458,Elena0458,Edwards0458,49,Self-Employed,24,65100.74,689,0.218,42882,4,0,Mortgage,Medical,60,13.07,13901.35,1,Yes,7596.42
APP00460,Eva0460,Foster0460,25,Contract,0,86950.3,850,0.442,73378.81,1,0,Rent,Home Improvement,72,11.38,47578.97,1,Yes,38365.73
APP00463,Isla0463,Gray0463,54,Business Owner,33,83916.23,835,0.177,95274.5,4,0,Rent,Education,24,9.55,29120.18,1,Yes,28438.85
APP00466,Liam0466,Hill0466,64,Salaried,40,40595.51,593,0.116,47844.97,0,0,Rent,Personal,72,14.6,16368.37,1,Yes,11038.9
APP00470,Noah0470,Lewis0470,62,Salaried,40,49222.46,596,0.05,38298.03,2,0,Rent,Business,72,13.2,24484.36,1,Yes,13761.86
APP00473,Owen0473,Mitchell0473,40,Business Owner,15,99357.34,669,0.181,54989.46,2,0,Rent,Education,36,12.53,20275.27,1,Yes,16321.31
APP00474,Ryan0474,Moore0474,42,Self-Employed,19,44489.93,686,0.586,2744.88,0,0,Rent,Personal,36,15.76,21260.56,1,Yes,10889.54
APP00475,Samuel0475,Parker0475,49,Salaried,19,70570.4,729,0.1,9290.8,2,0,Rent,Auto,60,11.26,13808.27,1,Yes,11722.8
APP00476,Sophia0476,Reed0476,56,Salaried,32,32089.73,597,0.051,23573.94,2,0,Rent,Auto,84,12.98,19665.58,1,Yes,9426.08
APP00477,Thomas0477,Rivera0477,59,Contract,34,114636.02,743,0.207,101239.95,2,1,Rent,Education,60,12.98,35871.67,1,Yes,27825.34
APP00479,William0479,Turner0479,50,Business Owner,27,68365.12,850,0.143,61007.36,2,0,Rent,Medical,36,9.54,22912.54,1,Yes,21782.81
APP00480,Zara0480,Walker0480,25,Business Owner,0,170877.25,648,0.351,195173.38,0,0,Own,Auto,72,14.08,58166.1,1,Yes,47666.7
APP00481,Aarav0481,Adams0481,33,Self-Employed,11,118717.01,641,0.236,107397.64,0,0,Mortgage,Business,48,13.19,53351.03,1,Yes,35478.77
APP00482,Aiden0482,Baker0482,58,Contract,37,52268.3,745,0.308,49781.5,1,0,Mortgage,Home Improvement,36,12.33,24635.79,1,Yes,18539.51
APP00484,Bella0484,Carter0484,56,Salaried,34,51823.79,635,0.167,15984.95,3,0,Rent,Medical,24,13.66,18476.77,1,Yes,13926.3
APP00488,Elena0488,Edwards0488,44,Salaried,23,116114.42,645,0.135,111165.45,1,0,Mortgage,Auto,24,12.17,78009.85,1,Yes,66114.34
APP00489,Ethan0489,Evans0489,55,Self-Employed,33,56994.23,688,0.67,66341.22,2,0,Own,Personal,36,15.12,28063.6,1,Yes,15950.73
APP00490,Eva0490,Foster0490,48,Contract,22,168875.14,765,0.341,53390.29,3,0,Rent,Personal,84,12.03,94559.9,1,Yes,85658.89
APP00491,Grace0491,Garcia0491,62,Salaried,39,62500.76,629,0.463,26246.55,1,0,Rent,Personal,48,14.94,24371.25,1,Yes,11224.65
APP00492,Henry0492,Gomez0492,60,Salaried,35,133986.34,523,0.3,106053.12,0,0,Own,Education,48,16.74,68967.36,1,Yes,36681.69
APP00493,Isla0493,Gray0493,54,Self-Employed,33,70466.56,517,0.222,5497.17,0,0,Own,Education,12,16.37,29557.11,1,Yes,15808.92
APP00494,Jack0494,Hall0494,48,Salaried,24,92543.32,573,0.188,65419.05,1,0,Mortgage,Personal,84,15.99,45809.1,1,Yes,29006.21
APP00496,Liam0496,Hill0496,39,Salaried,14,40860.05,667,0.238,30727.16,1,0,Mortgage,Business,48,14.38,11992.72,1,Yes,7977.32
APP00499,Mia0499,King0499,62,Salaried,37,61096.83,614,0.425,13315.22,3,4,Rent,Medical,60,18.5,13504.91,1,Yes,4661.19
APP00501,Nora0501,Lopez0501,26,Salaried,0,32532.13,792,0.372,5402.03,2,0,Mortgage,Business,84,12.15,16950.16,1,Yes,13108.46
APP00504,Ryan0504,Moore0504,60,Salaried,36,63030.14,641,0.188,34221.84,0,0,Own,Home Improvement,36,12.13,23233.73,1,Yes,15265.99
APP00506,Sophia0506,Reed0506,41,Salaried,18,59638.86,708,0.116,16713.03,0,0,Rent,Personal,36,11.6,33193.84,1,Yes,24531.23
APP00511,Aarav0511,Adams0511,65,Self-Employed,40,31144.34,698,0.15,25676.46,0,0,Own,Home Improvement,24,12.68,6309.97,1,Yes,4055.06
APP00512,Aiden0512,Baker0512,54,Salaried,31,50326.9,745,0.092,52106.6,0,0,Rent,Medical,36,11.03,21326.43,1,Yes,14695.66
APP00513,Amara0513,Brooks0513,58,Salaried,30,129279.7,656,0.564,128340.19,2,0,Own,Personal,36,15.52,58448.56,1,Yes,37933.62
APP00514,Bella0514,Carter0514,57,Salaried,33,73466.89,834,0.304,39633.72,2,0,Rent,Auto,60,10.37,38514.18,1,Yes,33823.38
APP00517,Daniel0517,Diaz0517,60,Salaried,35,69603.8,677,0.467,35168.56,1,0,Mortgage,Auto,36,14.79,38699.13,1,Yes,24132.38
APP00518,Elena0518,Edwards0518,23,Contract,2,85137.61,671,0.394,39599.47,1,0,Mortgage,Education,24,14.6,31984.36,1,Yes,21210.78
APP00519,Ethan0519,Evans0519,42,Salaried,17,41682.26,670,0.111,38491.16,4,0,Own,Home Improvement,60,12.22,22732.84,1,Yes,14510.83
APP00522,Henry0522,Gomez0522,27,Salaried,0,69554.47,797,0.126,9560.91,0,0,Mortgage,Business,24,11.04,16447.47,1,Yes,14871.32
APP00524,Jack0524,Hall0524,58,Salaried,36,45468.18,749,0.294,52773,2,0,Mortgage,Home Improvement,36,12.66,19650.11,1,Yes,13265.77
APP00525,James0525,Harris0525,35,Self-Employed,8,59390.61,620,0.391,70979.75,1,0,Mortgage,Home Improvement,12,15.86,29490.62,1,Yes,16461.09
APP00526,Liam0526,Hill0526,34,Salaried,13,45340.54,745,0.147,50435.68,1,0,Own,Education,24,12.28,21879.34,1,Yes,17723.19
APP00527,Lucas0527,Jackson0527,62,Contract,38,37042.98,615,0.05,38946.13,1,2,Mortgage,Medical,24,14.21,24886.08,1,Yes,11756.96
APP00528,Mason0528,Johnson0528,27,Salaried,5,51173.3,773,0.1,18970.57,4,0,Own,Auto,24,9.96,34643.71,1,Yes,28672.59
APP00529,Mia0529,King0529,62,Contract,40,36508.67,850,0.405,42410.13,0,0,Mortgage,Auto,60,10.64,9672.92,1,Yes,8269.26
APP00535,Samuel0535,Parker0535,46,Self-Employed,17,45298.46,701,0.192,38758.62,4,0,Mortgage,Personal,60,12.27,27779.65,1,Yes,20791.68
APP00537,Thomas0537,Rivera0537,41,Self-Employed,19,69614.65,721,0.429,35986.18,4,0,Own,Auto,36,12.92,12305.87,1,Yes,6852.36
APP00539,William0539,Turner0539,45,Salaried,17,75096.08,758,0.421,6154.25,2,0,Own,Home Improvement,60,12.95,39345.19,1,Yes,29638.98
APP00540,Zara0540,Walker0540,21,Salaried,0,23245.42,809,0.153,26768.16,1,1,Mortgage,Business,60,12.77,11520.83,1,Yes,9150.01
APP00541,Aarav0541,Adams0541,52,Salaried,27,58846.62,710,0.259,22561.3,3,1,Mortgage,Personal,60,12.84,19029.54,1,Yes,11616.48
APP00545,Caleb0545,Coleman0545,58,Salaried,35,76784.46,825,0.193,80062.28,2,0,Rent,Personal,72,10.33,31165.95,1,Yes,25439.69
APP00550,Eva0550,Foster0550,51,Contract,30,43495.18,681,0.178,38980.13,1,0,Rent,Education,12,11.87,24683.54,1,Yes,16518.22
APP00556,Liam0556,Hill0556,43,Business Owner,21,54000.22,662,0.223,12211.23,0,0,Mortgage,Education,72,13.2,35711.77,1,Yes,23743.16
APP00558,Mason0558,Johnson0558,60,Salaried,32,49567.55,841,0.1,6172.59,0,0,Own,Business,60,9.74,24799.49,1,Yes,23561.81
APP00560,Noah0560,Lewis0560,59,Self-Employed,30,102891.86,674,0.118,120854.62,1,0,Rent,Personal,24,12.73,70672.97,1,Yes,53754.7
APP00561,Nora0561,Lopez0561,45,Self-Employed,22,55571.46,648,0.306,20658.96,1,0,Own,Home Improvement,60,14.57,28624.79,1,Yes,18126.4
APP00563,Owen0563,Mitchell0563,43,Business Owner,20,79211.48,634,0.068,15539.1,1,0,Own,Education,48,13.08,20327.89,1,Yes,14536.18
APP00565,Samuel0565,Parker0565,61,Salaried,35,68963.04,726,0.38,76739.61,1,0,Rent,Home Improvement,48,13.91,41352.09,1,Yes,25703.13
APP00566,Sophia0566,Reed0566,31,Salaried,6,93317.76,701,0.05,89418.3,1,0,Own,Education,48,11.93,20604.11,1,Yes,15212.66
APP00568,Victor0568,Scott0568,32,Self-Employed,5,148158.77,665,0.392,145968.67,1,0,Mortgage,Personal,60,14.27,76218.63,1,Yes,53133.09
APP00571,Aarav0571,Adams0571,63,Salaried,40,28079.45,542,0.121,27189.24,0,0,Own,Auto,24,14.73,9374.14,1,Yes,5480.28
APP00572,Aiden0572,Baker0572,39,Salaried,15,39477.29,732,0.307,2052.16,0,0,Mortgage,Auto,48,12.44,12402.82,1,Yes,9046.32
APP00573,Amara0573,Brooks0573,33,Salaried,5,118713.19,734,0.322,72529.4,0,0,Mortgage,Education,36,13.29,36688.2,1,Yes,27697.6
APP00575,Caleb0575,Coleman0575,21,Self-Employed,0,87558.73,715,0.527,13060.95,2,0,Mortgage,Education,60,15.44,36143.29,1,Yes,26552.94
APP00576,Chloe0576,Cooper0576,37,Salaried,13,66751.35,653,0.295,68295,2,0,Own,Personal,12,13.63,34932.11,1,Yes,19579.38
APP00578,Elena0578,Edwards0578,44,Salaried,16,110838.83,676,0.292,98611.98,0,1,Rent,Education,24,13.16,40982.98,1,Yes,29244.86
APP00579,Ethan0579,Evans0579,61,Salaried,39,53938.69,639,0.226,63994,3,0,Own,Personal,36,14.31,17884.06,1,Yes,11082.81
APP00581,Grace0581,Garcia0581,25,Contract,2,41799.59,850,0.116,19935.34,1,1,Rent,Medical,24,9.8,30717.23,1,Yes,26736.61
APP00582,Henry0582,Gomez0582,58,Salaried,35,76890.39,533,0.417,57414.66,3,0,Rent,Business,84,16.89,25779.98,1,Yes,11698.57
APP00585,James0585,Harris0585,39,Self-Employed,12,43310.3,671,0.126,14652.16,0,0,Mortgage,Home Improvement,48,12.39,15841.14,1,Yes,10914.07
APP00588,Mason0588,Johnson0588,25,Contract,4,32303.75,713,0.589,12702.03,2,0,Mortgage,Auto,48,14.75,16232.18,1,Yes,7331.35
APP00591,Nora0591,Lopez0591,57,Contract,29,84905.13,751,0.446,21451.75,0,0,Rent,Auto,84,13.81,19435.83,1,Yes,13330.81
APP00593,Owen0593,Mitchell0593,31,Contract,7,56189.5,807,0.305,40918.23,1,0,Mortgage,Business,36,12.16,21079.35,1,Yes,16852.03
APP00594,Ryan0594,Moore0594,65,Salaried,40,50296.06,711,0.219,3918.42,2,0,Mortgage,Home Improvement,36,12.22,33608.16,1,Yes,22849.63
APP00595,Samuel0595,Parker0595,35,Contract,7,63899.43,684,0.352,16453.99,1,0,Mortgage,Home Improvement,36,13.97,27443.64,1,Yes,19120.06
APP00600,Zara0600,Walker0600,49,Salaried,21,35544.35,697,0.267,25329.87,2,0,Mortgage,Education,12,12.83,20563.53,1,Yes,13440.31
APP00602,Aiden0602,Baker0602,56,Business Owner,28,83322.33,526,0.372,81156.31,2,0,Own,Personal,60,15.65,25128.02,1,Yes,12576.2
APP00603,Amara0603,Brooks0603,54,Salaried,25,29375.19,720,0.492,28249.04,1,0,Mortgage,Home Improvement,48,14.95,11745.6,1,Yes,6894.37
APP00604,Bella0604,Carter0604,27,Contract,3,60682.33,850,0.125,49427.02,1,0,Rent,Education,36,9.94,31261.45,1,Yes,30479.98
APP00606,Chloe0606,Cooper0606,45,Salaried,16,69966.98,805,0.146,70927.56,0,1,Rent,Auto,36,10.7,12382.8,1,Yes,10494.84
APP00607,Daniel0607,Diaz0607,35,Salaried,13,59651.67,696,0.468,12123.18,2,0,Mortgage,Home Improvement,24,14.34,19998.81,1,Yes,12606.99
APP00610,Eva0610,Foster0610,59,Self-Employed,37,60799.72,611,0.275,25479.11,3,1,Mortgage,Home Improvement,60,15.93,31485.62,1,Yes,17173.82
APP00611,Grace0611,Garcia0611,58,Salaried,30,95325.37,598,0.063,6978.97,2,1,Own,Auto,24,14.15,18822.75,1,Yes,11951.61
APP00613,Isla0613,Gray0613,56,Business Owner,29,70099.91,797,0.113,38847.98,3,0,Mortgage,Education,36,10.27,51484.3,1,Yes,45390.03
APP00614,Jack0614,Hall0614,38,Salaried,11,102480.7,596,0.445,93462.57,0,0,Mortgage,Home Improvement,60,16.87,14301.5,1,Yes,8396.49
APP00615,James0615,Harris0615,51,Salaried,30,56007.35,762,0.402,36589.03,0,0,Rent,Home Improvement,36,12.02,19877.33,1,Yes,12772.63
APP00616,Liam0616,Hill0616,49,Salaried,27,76856.16,673,0.162,10603.38,0,0,Rent,Education,72,12.43,31023.35,1,Yes,23838.34
APP00618,Mason0618,Johnson0618,32,Business Owner,6,56862.14,719,0.114,60552.63,1,0,Own,Medical,24,11.96,28137.69,1,Yes,20003.29
APP00619,Mia0619,King0619,23,Self-Employed,1,28931.57,765,0.124,2700.56,3,0,Own,Home Improvement,60,10.66,15381.27,1,Yes,13157.52
APP00621,Nora0621,Lopez0621,40,Self-Employed,17,91706.13,800,0.313,35374.27,0,0,Rent,Auto,60,12.3,17468.66,1,Yes,15580.15
APP00622,Olivia0622,Martin0622,42,Salaried,21,38516.89,706,0.267,21975.26,1,0,Mortgage,Medical,48,13.16,19753.75,1,Yes,13612.28
APP00623,Owen0623,Mitchell0623,28,Salaried,0,48879.45,733,0.05,32292.51,0,0,Rent,Auto,36,10.85,28091.22,1,Yes,22073.01
APP00624,Ryan0624,Moore0624,39,Salaried,18,32151.06,609,0.129,10853.99,2,1,Own,Auto,24,14.14,21099.12,1,Yes,11073.64
APP00626,Sophia0626,Reed0626,31,Self-Employed,1,55485.27,720,0.304,47021.47,4,0,Rent,Medical,60,12.16,25966.5,1,Yes,19540.24
APP00628,Victor0628,Scott0628,37,Self-Employed,11,71124.48,543,0.348,34140.9,0,0,Own,Home Improvement,12,17.13,41909.58,1,Yes,24945.8
APP00630,Zara0630,Walker0630,37,Self-Employed,15,69319.55,785,0.404,60993.1,0,0,Rent,Business,36,12.7,38197.17,1,Yes,26353.13
APP00631,Aarav0631,Adams0631,54,Salaried,28,66800.79,704,0.33,45176.96,4,1,Mortgage,Personal,48,14.78,42544.95,1,Yes,23327.36
APP00642,Henry0642,Gomez0642,62,Self-Employed,40,54401.21,750,0.161,35059.79,1,1,Mortgage,Auto,84,11.85,25594.49,1,Yes,16735.02
APP00645,James0645,Harris0645,55,Business Owner,33,53558.59,750,0.421,25809.77,2,0,Rent,Auto,24,13.73,9992.8,1,Yes,7266.26
APP00650,Noah0650,Lewis0650,59,Salaried,30,222684.21,679,0.218,20137.02,0,0,Mortgage,Business,48,12.71,107704.44,1,Yes,99919.28
APP00652,Olivia0652,Martin0652,50,Salaried,29,69418.28,614,0.421,18765.44,1,0,Mortgage,Home Improvement,24,14.74,23297.1,1,Yes,13101.05
APP00656,Sophia0656,Reed0656,44,Self-Employed,21,84536.15,811,0.125,9881.59,1,0,Rent,Medical,72,10.06,19649.83,1,Yes,17325.7
APP00657,Thomas0657,Rivera0657,55,Self-Employed,26,101831.81,698,0.555,52362.69,0,0,Rent,Business,72,14.46,36975.1,1,Yes,24344.4
APP00658,Victor0658,Scott0658,49,Contract,20,65426.94,633,0.196,6926.31,0,0,Mortgage,Business,24,14.14,44995.17,1,Yes,29007.82
APP00661,Aarav0661,Adams0661,28,Salaried,1,122737.52,805,0.181,109363.82,1,0,Mortgage,Personal,12,10.5,39572.45,1,Yes,38061.68
APP00663,Amara0663,Brooks0663,22,Salaried,0,97453.38,676,0.213,102206.68,2,0,Mortgage,Auto,48,13.03,40688.84,1,Yes,33211.86
APP00664,Bella0664,Carter0664,30,Contract,4,34653.56,688,0.486,29241.76,2,0,Mortgage,Education,36,15.2,8710.13,1,Yes,5082.74
APP00667,Daniel0667,Diaz0667,43,Salaried,15,59541.74,680,0.42,55547.67,0,2,Mortgage,Home Improvement,72,15.36,18510.59,1,Yes,10388.84
APP00668,Elena0668,Edwards0668,59,Self-Employed,32,68150.97,777,0.24,27773.43,0,1,Mortgage,Education,36,11.6,12242.78,1,Yes,8807.27
APP00671,Grace0671,Garcia0671,63,Salaried,35,92996.62,662,0.363,10583.3,0,3,Mortgage,Medical,60,15.84,35058.68,1,Yes,18746.46
APP00673,Isla0673,Gray0673,49,Salaried,26,54742.63,630,0.158,13721.41,0,0,Mortgage,Home Improvement,12,12.76,12030.45,1,Yes,7944.33
APP00677,Lucas0677,Jackson0677,47,Salaried,25,80328.29,599,0.158,85701.56,1,2,Own,Medical,36,15.21,37764.66,1,Yes,23265.41
APP00678,Mason0678,Johnson0678,24,Salaried,0,30658.1,803,0.383,30435.11,1,0,Mortgage,Home Improvement,84,11.93,12768.36,1,Yes,9627.07
APP00680,Noah0680,Lewis0680,63,Salaried,37,56867.19,819,0.397,37751.27,0,0,Mortgage,Auto,24,11.52,30973.86,1,Yes,25980.27
APP00683,Owen0683,Mitchell0683,64,Business Owner,40,43902.98,850,0.427,4538.72,0,1,Rent,Personal,48,12.05,18873.98,1,Yes,14517.26
APP00686,Sophia0686,Reed0686,57,Self-Employed,31,76376.74,789,0.196,43788.89,2,0,Rent,Personal,48,11.38,52891.63,1,Yes,42654.46
APP00688,Victor0688,Scott0688,47,Salaried,22,53943.85,678,0.399,51962.91,4,0,Rent,Education,60,14.74,13543.13,1,Yes,9111.6
APP00690,Zara0690,Walker0690,56,Salaried,35,71461.44,703,0.075,61913.17,0,0,Own,Home Improvement,36,11.89,16631.6,1,Yes,12342.4
APP00692,Aiden0692,Baker0692,56,Salaried,27,84154.38,665,0.252,86425.35,1,0,Rent,Medical,36,13.34,16234.96,1,Yes,11480.28
APP00693,Amara0693,Brooks0693,62,Salaried,35,63575.25,718,0.05,3813.63,0,0,Mortgage,Home Improvement,12,11.09,16960.75,1,Yes,12278.55
APP00694,Bella0694,Carter0694,63,Contract,39,175646.4,594,0.05,43201.09,0,0,Own,Personal,36,14.31,80124.53,1,Yes,67411.95
APP00696,Chloe0696,Cooper0696,32,Salaried,5,57291.18,650,0.05,58902.29,2,0,Mortgage,Auto,24,12.16,23040.97,1,Yes,17697.84
APP00697,Daniel0697,Diaz0697,53,Contract,28,134770.59,559,0.301,156318.31,0,0,Rent,Auto,60,15.5,49488.45,1,Yes,32075.46
APP00698,Elena0698,Edwards0698,47,Self-Employed,25,102562.25,644,0.071,75290.83,3,0,Mortgage,Business,60,13.42,56512.06,1,Yes,48172.31
APP00704,Jack0704,Hall0704,28,Salaried,6,57636.17,739,0.452,58214.48,1,1,Mortgage,Medical,60,14.22,8225.46,1,Yes,5587.92
APP00706,Liam0706,Hill0706,46,Salaried,17,63761.54,641,0.494,30939.84,0,1,Rent,Education,60,15.49,35645.94,1,Yes,21314.64
APP00710,Noah0710,Lewis0710,41,Salaried,18,93614.37,813,0.056,43479.19,1,0,Own,Education,48,10.39,50742.58,1,Yes,46286.67
APP00711,Nora0711,Lopez0711,51,Salaried,27,70695.42,723,0.186,16404.43,1,0,Mortgage,Education,60,12.46,15566.43,1,Yes,12043.96
APP00713,Owen0713,Mitchell0713,53,Self-Employed,24,52882.6,719,0.166,8424.8,2,0,Rent,Personal,36,12.31,31950.66,1,Yes,26561.03
APP00714,Ryan0714,Moore0714,55,Salaried,27,30540.18,785,0.477,24676.57,0,2,Rent,Business,48,14.57,6086.23,1,Yes,3002.46
APP00722,Aiden0722,Baker0722,62,Self-Employed,34,56301.24,789,0.162,6572.14,2,0,Own,Auto,48,11.91,17845.62,1,Yes,15177.87
APP00723,Amara0723,Brooks0723,59,Contract,32,88874.04,518,0.351,47730.66,1,0,Own,Home Improvement,36,16.59,46371.53,1,Yes,26423.11
APP00729,Ethan0729,Evans0729,42,Salaried,17,72163.9,761,0.316,71724.1,0,1,Mortgage,Education,24,12.99,23178.11,1,Yes,17756.77
APP00731,Grace0731,Garcia0731,53,Business Owner,25,174673.32,692,0.121,58899.16,0,1,Rent,Education,36,12.88,43588.77,1,Yes,37556.12
APP00733,Isla0733,Gray0733,62,Salaried,35,65757.88,607,0.345,30336.06,0,0,Own,Auto,48,15,23573.43,1,Yes,13574.28
APP00734,Jack0734,Hall0734,55,Business Owner,26,36117.07,753,0.317,36213.26,1,1,Mortgage,Business,24,12.83,10537.65,1,Yes,7717.08
APP00737,Lucas0737,Jackson0737,53,Salaried,27,21071.63,781,0.134,9618.47,3,0,Mortgage,Business,60,11.06,9644.43,1,Yes,7746.39
APP00738,Mason0738,Johnson0738,36,Salaried,15,66747.46,698,0.214,21567.11,0,1,Own,Education,24,12.29,30802.43,1,Yes,22129.35
APP00740,Noah0740,Lewis0740,61,Salaried,38,48925.43,714,0.338,38818.26,0,0,Own,Business,60,12.05,24134.04,1,Yes,16963.66
APP00745,Samuel0745,Parker0745,56,Salaried,33,21547.57,740,0.115,20250.95,0,0,Rent,Home Improvement,60,13.2,8979.49,1,Yes,6589.89
APP00747,Thomas0747,Rivera0747,44,Salaried,14,57020.95,583,0.255,62859.9,2,0,Rent,Auto,12,14.98,10621.12,1,Yes,6876.29
APP00751,Aarav0751,Adams0751,64,Salaried,34,47302.01,694,0.117,51195.51,0,0,Mortgage,Home Improvement,36,12.27,33073.15,1,Yes,22492.8
APP00754,Bella0754,Carter0754,63,Salaried,39,96123.75,695,0.149,77267.89,1,0,Rent,Medical,36,12.09,52445.97,1,Yes,43860.79
APP00755,Caleb0755,Coleman0755,45,Self-Employed,18,31988.8,790,0.253,30907.5,0,0,Rent,Medical,60,11.61,7302.51,1,Yes,6003.06
APP00756,Chloe0756,Cooper0756,40,Business Owner,16,44528.48,533,0.171,37709.9,4,0,Own,Medical,12,15.31,12401.77,1,Yes,6638.81
APP00757,Daniel0757,Diaz0757,54,Salaried,30,142546.8,695,0.05,158099.86,0,0,Mortgage,Personal,24,11.76,90170.62,1,Yes,79135.26
APP00762,Henry0762,Gomez0762,45,Salaried,20,62011.41,837,0.425,45828.63,4,2,Rent,Auto,24,12.9,35001.43,1,Yes,27706.13
APP00764,Jack0764,Hall0764,63,Business Owner,36,57595.97,581,0.314,39138.91,1,0,Mortgage,Auto,60,15.9,17670.53,1,Yes,9167.41
APP00766,Liam0766,Hill0766,56,Salaried,26,54482.29,827,0.088,22702.63,1,0,Own,Home Improvement,60,9.28,22344.44,1,Yes,20405.03
APP00772,Olivia0772,Martin0772,65,Salaried,40,41490.12,850,0.478,17668.98,3,0,Mortgage,Medical,72,12.34,7145.76,1,Yes,5452.13
APP00774,Ryan0774,Moore0774,53,Salaried,29,50373.22,608,0.203,35206.01,3,0,Mortgage,Medical,36,14.81,31718.4,1,Yes,18957.53
APP00775,Samuel0775,Parker0775,59,Business Owner,31,116649.27,735,0.177,61217.84,0,0,Mortgage,Home Improvement,48,11.78,67538.8,1,Yes,59199.09
APP00776,Sophia0776,Reed0776,63,Salaried,40,75362.29,609,0.163,13124.58,3,1,Mortgage,Business,60,14.36,30382.55,1,Yes,17278.09
APP00780,Zara0780,Walker0780,59,Salaried,32,46279.37,769,0.656,33970.24,2,0,Mortgage,Auto,60,14.87,12950.24,1,Yes,7810.11
APP00781,Aarav0781,Adams0781,60,Salaried,39,69100.58,640,0.446,6693.4,1,0,Mortgage,Personal,36,15.2,38830.19,1,Yes,22861.75
APP00782,Aiden0782,Baker0782,49,Contract,25,48089.23,666,0.228,7697.6,2,0,Rent,Personal,36,14.28,13306.96,1,Yes,8052.95
APP00788,Elena0788,Edwards0788,51,Self-Employed,30,98394.09,772,0.211,13428.78,0,0,Mortgage,Business,36,11.01,34135.22,1,Yes,28591.55
APP00790,Eva0790,Foster0790,21,Salaried,0,129517.93,734,0.097,80852.16,0,0,Rent,Personal,60,12,85437.51,1,Yes,71838.85
APP00791,Grace0791,Garcia0791,25,Self-Employed,0,166464.9,708,0.44,47551.99,0,3,Mortgage,Auto,48,15.73,89036.3,1,Yes,59654.76
APP00792,Henry0792,Gomez0792,41,Contract,12,37732.5,744,0.265,39972.22,1,1,Mortgage,Auto,36,13.57,6833.65,1,Yes,4603.11
APP00797,Lucas0797,Jackson0797,64,Salaried,34,37286.26,756,0.423,32142.12,1,2,Mortgage,Personal,72,14.53,17292.16,1,Yes,10122.43
APP00798,Mason0798,Johnson0798,41,Self-Employed,19,37374.75,634,0.275,40686.81,0,0,Own,Personal,60,14.74,9937.87,1,Yes,5817.86
APP00803,Owen0803,Mitchell0803,44,Salaried,19,212438.09,745,0.501,19283.48,0,0,Mortgage,Business,84,13.39,59302.55,1,Yes,56222.51
APP00807,Thomas0807,Rivera0807,45,Business Owner,24,129293.61,666,0.538,88074.56,3,0,Own,Home Improvement,24,15.41,56750.07,1,Yes,40566.97
APP00809,William0809,Turner0809,38,Salaried,17,68576.97,850,0.145,81846.28,1,0,Own,Personal,72,11.05,47459.76,1,Yes,44326.13
APP00810,Zara0810,Walker0810,65,Salaried,35,32729.72,727,0.092,32287.17,3,0,Rent,Auto,36,12.02,7566.3,1,Yes,5492.61
APP00814,Bella0814,Carter0814,33,Salaried,8,86356.34,808,0.38,78262.52,1,0,Mortgage,Auto,72,11.96,23229.98,1,Yes,18282.19
APP00816,Chloe0816,Cooper0816,58,Contract,36,20044.92,723,0.264,11291.37,0,0,Mortgage,Home Improvement,36,13.08,9070.55,1,Yes,6551.55
APP00818,Elena0818,Edwards0818,25,Salaried,2,81764,713,0.274,47308.94,0,0,Own,Business,24,11.36,40627.01,1,Yes,33571.93
APP00819,Ethan0819,Evans0819,50,Self-Employed,28,103559.08,688,0.255,58826.06,0,0,Rent,Home Improvement,24,13.93,49242.08,1,Yes,36503.39
APP00820,Eva0820,Foster0820,65,Business Owner,40,98836.9,681,0.08,21206.25,2,0,Mortgage,Home Improvement,84,12.44,57416.38,1,Yes,44399.56
APP00822,Henry0822,Gomez0822,50,Salaried,22,68720.19,631,0.075,4660.33,0,0,Rent,Personal,48,13.47,44682.26,1,Yes,29927.97
APP00823,Isla0823,Gray0823,27,Self-Employed,3,94758.01,642,0.157,5835.57,2,0,Rent,Personal,24,13.45,51712.77,1,Yes,39754.94
APP00827,Lucas0827,Jackson0827,51,Salaried,29,52404.92,636,0.337,34753.53,0,0,Rent,Education,36,13.64,31692.43,1,Yes,17624.78
APP00829,Mia0829,King0829,59,Salaried,32,51820.22,737,0.19,8196.39,0,0,Rent,Home Improvement,72,11.02,9274.4,1,Yes,6765.26
APP00830,Noah0830,Lewis0830,22,Business Owner,0,51782.75,728,0.353,61211.65,1,1,Mortgage,Personal,72,14.2,11178.19,1,Yes,7892.61
APP00834,Ryan0834,Moore0834,27,Self-Employed,6,58937.45,658,0.192,51034.49,2,0,Rent,Business,36,12.76,24367.2,1,Yes,18101.93
APP00835,Samuel0835,Parker0835,59,Salaried,34,73218.57,762,0.268,74428.5,4,2,Own,Home Improvement,24,13.18,43031.91,1,Yes,29786.3
APP00836,Sophia0836,Reed0836,55,Salaried,33,52318.63,754,0.162,8950.56,3,0,Rent,Home Improvement,48,11.79,10399.87,1,Yes,8062.23
APP00837,Thomas0837,Rivera0837,57,Business Owner,27,49899.08,597,0.05,9717.48,1,0,Mortgage,Medical,48,13.17,24014.28,1,Yes,16959.64
APP00840,Zara0840,Walker0840,61,Self-Employed,35,74366.86,827,0.244,88047.31,3,0,Own,Business,24,11.5,45086.81,1,Yes,38862.01
APP00842,Aiden0842,Baker0842,50,Salaried,29,61081.35,704,0.173,45733.31,2,0,Rent,Education,60,13.26,27358.45,1,Yes,20423.92
APP00849,Ethan0849,Evans0849,57,Salaried,31,48734.51,635,0.409,21867.18,3,0,Rent,Home Improvement,60,14.98,22769.7,1,Yes,12277.65
APP00851,Grace0851,Garcia0851,65,Salaried,40,91289.16,746,0.302,19262.4,3,0,Own,Auto,24,13.3,54680.95,1,Yes,49165.91
APP00852,Henry0852,Gomez0852,57,Business Owner,34,74599.71,744,0.069,34266.63,0,0,Rent,Education,60,10.86,26581.07,1,Yes,21999.4
APP00855,James0855,Harris0855,33,Salaried,11,84817.41,705,0.348,20368.82,1,0,Own,Home Improvement,60,13.08,22559.23,1,Yes,15867.27
APP00856,Liam0856,Hill0856,59,Business Owner,30,103972.09,737,0.05,49846.5,0,3,Mortgage,Auto,48,13.69,50236.89,1,Yes,37251.83
APP00857,Lucas0857,Jackson0857,32,Salaried,8,80189.76,592,0.063,48357.95,4,0,Mortgage,Home Improvement,72,13.82,59700.78,1,Yes,39675.37
APP00859,Mia0859,King0859,51,Self-Employed,25,81251.72,670,0.359,70520.27,3,0,Own,Education,12,14.31,48032.2,1,Yes,30063.85
APP00861,Nora0861,Lopez0861,64,Salaried,36,121002.58,844,0.062,11150.84,0,0,Mortgage,Auto,84,9.83,88930.67,1,Yes,88930.67
APP00862,Olivia0862,Martin0862,62,Salaried,39,40451.15,539,0.286,16154.95,2,0,Rent,Business,60,15.3,18989.03,1,Yes,6904.98
APP00863,Owen0863,Mitchell0863,26,Self-Employed,0,54186.94,850,0.526,12501.29,2,0,Rent,Education,24,12.69,22603.31,1,Yes,19146.84
APP00864,Ryan0864,Moore0864,55,Self-Employed,31,83983.22,602,0.05,42424.69,1,0,Rent,Medical,60,13.51,56184.03,1,Yes,44605.5
APP00866,Sophia0866,Reed0866,52,Business Owner,27,36290.18,762,0.185,9371.29,2,0,Mortgage,Business,36,11.69,18624.29,1,Yes,14758.36
APP00867,Thomas0867,Rivera0867,57,Salaried,35,72307.07,595,0.564,30130.72,1,0,Own,Business,72,16.76,37020.7,1,Yes,19778.25
APP00875,Caleb0875,Coleman0875,52,Salaried,27,60297.34,773,0.491,57956.27,2,0,Mortgage,Auto,36,12.16,9204.7,1,Yes,7466.22
APP00876,Chloe0876,Cooper0876,43,Salaried,21,89110.21,729,0.22,31656.84,0,0,Own,Education,24,12.71,18828.75,1,Yes,14326.32
APP00878,Elena0878,Edwards0878,54,Contract,25,33271.83,624,0.508,8164.22,0,0,Rent,Auto,36,14.78,8919.17,1,Yes,4524.27
APP00883,Isla0883,Gray0883,41,Salaried,19,80799.01,763,0.111,16045.76,1,0,Mortgage,Business,60,11.03,44219.81,1,Yes,40092.32
APP00885,James0885,Harris0885,57,Salaried,30,66581.15,802,0.22,15727.82,2,1,Own,Personal,60,11.67,42278.47,1,Yes,35887.77
APP00886,Liam0886,Hill0886,54,Salaried,32,52438.58,796,0.346,55646.34,4,0,Rent,Personal,36,10.53,13307,1,Yes,10448.97
APP00887,Lucas0887,Jackson0887,23,Salaried,0,81190.32,701,0.221,64791.91,1,0,Own,Education,72,12.08,19936.76,1,Yes,15963.24
APP00890,Noah0890,Lewis0890,33,Salaried,8,55614.91,675,0.319,49213.56,1,0,Mortgage,Business,84,14.62,24413.71,1,Yes,16299.3
APP00894,Ryan0894,Moore0894,65,Contract,37,80589.85,555,0.119,87124.13,1,2,Own,Medical,48,16.74,31231.9,1,Yes,16562.39
APP00895,Samuel0895,Parker0895,54,Self-Employed,32,36828.42,734,0.053,28197.03,1,0,Own,Business,36,12.19,29365.46,1,Yes,22279.75
APP00897,Thomas0897,Rivera0897,43,Contract,17,95124.74,850,0.288,63421.6,2,0,Own,Medical,60,10.59,52133.67,1,Yes,46665.5
APP00901,Aarav0901,Adams0901,21,Self-Employed,0,81424.84,810,0.485,65751.54,1,0,Rent,Personal,36,13.5,42334.95,1,Yes,29954.21
APP00903,Amara0903,Brooks0903,30,Business Owner,2,66709.74,729,0.159,39490.48,0,0,Mortgage,Medical,60,11.94,32245.27,1,Yes,25827.69
APP00904,Bella0904,Carter0904,60,Self-Employed,37,88829.16,523,0.174,69442.84,2,0,Mortgage,Business,72,15.44,39855.12,1,Yes,22057.25
APP00905,Caleb0905,Coleman0905,41,Self-Employed,17,46596.79,622,0.301,25281.15,4,0,Own,Business,36,14.78,8038.53,1,Yes,4347.56
APP00907,Daniel0907,Diaz0907,39,Salaried,16,35053.66,519,0.252,30190.26,2,0,Mortgage,Personal,36,15.49,5999.03,1,Yes,2558.37
APP00910,Eva0910,Foster0910,25,Salaried,0,83326.57,568,0.292,70314.73,3,2,Rent,Business,72,15.78,30638.08,1,Yes,11743.91
APP00913,Isla0913,Gray0913,37,Salaried,16,28864.33,714,0.192,7186.29,1,2,Own,Medical,60,13.42,15452.41,1,Yes,9376.83
APP00914,Jack0914,Hall0914,65,Salaried,37,83140.27,706,0.15,5479.02,1,0,Own,Medical,24,12.84,15939.13,1,Yes,13050.25
APP00917,Lucas0917,Jackson0917,45,Self-Employed,22,62802.56,777,0.192,73321.17,3,1,Own,Auto,12,12.3,20907.78,1,Yes,13823.94
APP00920,Noah0920,Lewis0920,49,Self-Employed,23,37178.95,723,0.242,36611.59,1,0,Mortgage,Education,24,12.16,25403.08,1,Yes,18265.75
APP00921,Nora0921,Lopez0921,60,Contract,36,65639.68,692,0.096,8590.92,2,1,Mortgage,Auto,36,12.84,42461.01,1,Yes,33663.88
APP00923,Owen0923,Mitchell0923,41,Salaried,12,76602.58,652,0.14,85254.32,0,0,Own,Home Improvement,36,14.54,36498.52,1,Yes,26221.05
APP00925,Samuel0925,Parker0925,32,Business Owner,8,42178.63,716,0.191,48679.02,1,0,Mortgage,Business,36,12.11,10410.03,1,Yes,6899.76
APP00928,Victor0928,Scott0928,34,Self-Employed,12,53221.29,624,0.201,34778.87,1,0,Mortgage,Home Improvement,84,12.92,37087.01,1,Yes,21647.71
APP00930,Zara0930,Walker0930,47,Self-Employed,17,29856,763,0.168,12180.39,0,0,Own,Personal,72,11.29,9119.79,1,Yes,7083.99
APP00931,Aarav0931,Adams0931,45,Salaried,24,73567.47,687,0.516,71374.01,1,0,Rent,Personal,36,13.91,16939.89,1,Yes,11753.24
APP00933,Amara0933,Brooks0933,32,Contract,3,36975.79,749,0.248,33552.05,1,0,Mortgage,Medical,36,12.33,10233.14,1,Yes,7227.32
APP00935,Caleb0935,Coleman0935,40,Business Owner,18,97167.04,560,0.154,24415.12,0,0,Mortgage,Personal,48,14.82,20942.99,1,Yes,13326.83
APP00936,Chloe0936,Cooper0936,63,Self-Employed,40,78701.81,767,0.275,68927.07,4,0,Rent,Personal,24,13.04,16510.26,1,Yes,13130.69
APP00940,Eva0940,Foster0940,43,Salaried,20,60880.39,777,0.237,12306.24,0,0,Rent,Medical,24,11.45,24898.3,1,Yes,19984.36
APP00942,Henry0942,Gomez0942,39,Salaried,16,48565.73,578,0.173,39055.8,0,0,Mortgage,Business,36,14.58,29490.93,1,Yes,15391.47
APP00949,Mia0949,King0949,63,Self-Employed,40,18000,845,0.433,3040.17,0,0,Rent,Education,24,11.82,10532.55,1,Yes,6795.27
APP00952,Olivia0952,Martin0952,34,Salaried,7,52016.74,593,0.399,54566.16,0,0,Own,Home Improvement,12,15.47,10737.11,1,Yes,5524.86
APP00955,Samuel0955,Parker0955,56,Salaried,26,95244.96,699,0.407,111055.42,1,0,Rent,Auto,60,14.45,25721.32,1,Yes,19143.84
APP00956,Sophia0956,Reed0956,48,Business Owner,23,25271.25,572,0.059,5317.9,1,0,Mortgage,Medical,24,14.77,12881.74,1,Yes,7351.53
APP00957,Thomas0957,Rivera0957,39,Salaried,13,99722.42,625,0.311,31656.54,3,3,Mortgage,Medical,36,16.21,51904.2,1,Yes,22162.9
APP00958,Victor0958,Scott0958,49,Salaried,23,58530.54,623,0.382,68551.69,0,0,Rent,Medical,72,15.14,28341.57,1,Yes,12910.79
APP00959,William0959,Turner0959,64,Salaried,37,35084.75,756,0.203,32863.47,0,0,Own,Personal,12,11.91,22311.72,1,Yes,17573.19
APP00960,Zara0960,Walker0960,39,Salaried,17,46152.11,748,0.266,52016.35,2,0,Own,Business,60,12.31,20551.03,1,Yes,16358.47
APP00961,Aarav0961,Adams0961,27,Self-Employed,0,37962.3,704,0.346,37112.43,2,0,Mortgage,Auto,48,13.53,22628.35,1,Yes,13464.43
APP00963,Amara0963,Brooks0963,58,Self-Employed,36,83424.09,654,0.176,31470.56,0,1,Mortgage,Personal,24,14.09,53324.48,1,Yes,33347.44
APP00966,Chloe0966,Cooper0966,47,Business Owner,19,40687.1,780,0.224,42303.17,1,1,Rent,Medical,36,11.73,22562.14,1,Yes,16575.69
APP00967,Daniel0967,Diaz0967,48,Salaried,24,107385.38,770,0.361,49763.89,1,0,Rent,Personal,36,12.37,65823.79,1,Yes,52800.23
APP00969,Ethan0969,Evans0969,62,Salaried,33,123500.8,447,0.444,48455.36,0,0,Own,Medical,48,17.92,35283.43,1,Yes,12329.06
APP00974,Jack0974,Hall0974,42,Salaried,18,33810.33,820,0.157,38349.89,1,0,Own,Education,24,10.43,12670.8,1,Yes,11111.83
APP00975,James0975,Harris0975,27,Contract,1,62615.74,788,0.273,42205,0,0,Mortgage,Personal,36,11.91,32585.2,1,Yes,25606.42
APP00978,Mason0978,Johnson0978,46,Salaried,22,50576.66,669,0.436,6827.82,1,0,Own,Personal,72,13.87,21031.32,1,Yes,11086.31
APP00981,Nora0981,Lopez0981,47,Contract,20,39855.02,716,0.084,7799.8,0,0,Mortgage,Personal,12,11,25235.71,1,Yes,19336.84
APP00982,Olivia0982,Martin0982,52,Contract,25,40540.33,742,0.149,9650.38,3,1,Mortgage,Home Improvement,84,12.75,29670.73,1,Yes,20785.66
APP00985,Samuel0985,Parker0985,47,Self-Employed,20,67004.62,744,0.224,76563.86,2,0,Mortgage,Education,24,12.32,30586.51,1,Yes,25115.42
APP00988,Victor0988,Scott0988,35,Self-Employed,12,66104.1,499,0.072,70166.64,1,0,Own,Home Improvement,24,14.79,20845.47,1,Yes,12411.03
APP00990,Zara0990,Walker0990,56,Salaried,26,90285.14,725,0.236,54725.87,2,0,Rent,Auto,24,12.26,54412.12,1,Yes,41777.21
APP00992,Aiden0992,Baker0992,45,Salaried,20,52745.57,696,0.081,36421.19,0,0,Mortgage,Personal,60,11.71,14915.11,1,Yes,11681.14
APP00993,Amara0993,Brooks0993,29,Contract,6,46091.17,846,0.568,13453.79,1,0,Own,Medical,72,12.27,18200.5,1,Yes,13210.67
APP00996,Chloe0996,Cooper0996,49,Salaried,28,53114.1,706,0.405,24778.46,2,0,Mortgage,Home Improvement,36,12.74,15352.78,1,Yes,9300.43
APP01000,Eva1000,Foster1000,44,Salaried,21,66794.41,800,0.14,28039.69,0,0,Mortgage,Education,60,10.59,36549.32,1,Yes,29747.24
