risk_score,monthly_txn_count,avg_txn_amount,cross_border_ratio,cash_deposit_ratio,account_age_months,monthly_txn_count avg_txn_amount,monthly_txn_count cross_border_ratio,monthly_txn_count cash_deposit_ratio,monthly_txn_count account_age_months,avg_txn_amount cross_border_ratio,avg_txn_amount cash_deposit_ratio,avg_txn_amount account_age_months,cross_border_ratio cash_deposit_ratio,cross_border_ratio account_age_months,cash_deposit_ratio account_age_months
54.37874428,122.0,940.2424124,0.688499901,0.411255117,74.0,114709.5743128,83.996987922,50.173124274,9028.0,647.3568078534012,386.67950331992427,69577.9385176,0.28314910734024346,50.948992674,30.432878658
38.46909187,199.0,475.9588526,0.058193596,0.777602284,67.0,94715.8116674,11.580525604,154.742854516,13333.0,27.69775718082795,370.10669087177934,31889.2431242,0.045251473163773266,3.898970932,52.099353027999996
58.22041958,112.0,862.1943983,0.915213728,0.480370082,83.0,96565.7726096,102.503937536,53.801449184,9296.0,789.0921495288599,414.1723938113116,71562.13505889999,0.4396412935668857,75.962739424,39.870716806
63.85257802,34.0,1772.396505,0.44235223,0.985286051,122.0,60261.48117,15.03997582,33.499725734,4148.0,784.0235464309561,1746.3175532176517,216232.37360999998,0.43584348184774374,53.96697206,120.204898222
30.6032376,126.0,682.472791,0.239787359,0.37673897,125.0,85991.571666,30.213207234000002,47.46911022,15750.0,163.64834814324897,257.1140963343653,85309.09887500001,0.09033724264868023,29.973419875,47.09237125
34.04606027,91.0,288.0715117,0.09387329,0.7495783,142.0,26214.507564699998,8.542469389999999,68.21162530000001,12922.0,27.04222055855249,215.9321540185161,40906.154661399996,0.070365381133607,13.330007179999999,106.4401186
22.43190885,208.0,744.7807843,0.182865997,0.392989449,167.0,154914.40313440003,38.036127376,81.741805392,34736.0,136.19508066746147,292.6909900478449,124378.39097810001,0.07186440740186566,30.538621499,65.629237983
85.3228616,40.0,1818.315461,0.934613997,0.829164221,81.0,72732.61843999999,37.38455988,33.16656884,3240.0,1699.4230808121076,1507.6821227523208,147283.552341,0.7749484867582014,75.70373375700001,67.16230190099999
59.26680177,122.0,580.6578863,0.638270594,0.569081469,40.0,70840.26212859999,77.869012468,69.427939218,4880.0,370.61685399948544,330.44164292203897,23226.315452,0.3632279672530226,25.530823759999997,22.76325876
39.98014961,141.0,1312.995735,0.516696257,0.06351183,6.0,185132.398635,72.854172237,8.955168030000001,846.0,678.4199817314638,83.39076191204505,7877.97441,0.03281632483622031,3.100177542,0.38107098000000006
39.12122625,230.0,51.01473514,0.657111329,0.036821868,45.0,11733.3890822,151.13560567000002,8.46902964,10350.0,33.522360406428405,1.8784578433800416,2295.6630813,0.024196066617742575,29.570009805,1.65698406
43.07028914,234.0,737.5092699,0.435672899,0.133852119,69.0,172577.16915660002,101.947458366,31.321395845999998,16146.0,321.3128016567065,98.71717855825791,50888.1396231,0.05831574072202298,30.061430031,9.235796211
28.29046853,94.0,644.3234534,0.730039317,0.013671965,155.0,60566.4046196,68.623695798,1.2851647099999999,14570.0,470.3814538472173,8.80916770356393,99870.135277,0.009981071990647905,113.156094135,2.119154575
19.74114124,222.0,371.0789136,0.047716128,0.07535906,65.0,82379.5188192,10.592980416,16.72971132,14430.0,17.70644893943854,27.96415811471722,24120.129384,0.00359584255291968,3.1015483199999996,4.898338900000001
53.03339859,107.0,1091.474368,0.56603721,0.691714397,69.0,116787.757376,60.56598147,74.01344047900001,7383.0,617.8151060492332,754.9885343020761,75311.73139199999,0.39153608739471235,39.05656749,47.728293393
48.58391142,136.0,995.4184442,0.158646448,0.534346275,98.0,135376.90841119998,21.575916927999998,72.6710934,13328.0,157.91960044601618,531.8981377245653,97551.0075316,0.0847721385307812,15.547351904,52.365934949999996
54.30567734,119.0,1400.250264,0.120164648,0.749910749,77.0,166629.781416,14.299593112,89.23937913099999,9163.0,168.26058008546707,1050.0627242636876,107819.270328,0.09011276118500135,9.252677896,57.743127673
58.82301838,123.0,575.3540509,0.341879667,0.913165752,16.0,70768.54826069999,42.051199041,112.319387496,1968.0,196.70185132879303,525.3936145563448,9205.6648144,0.3121928032095646,5.470074672,14.610652032
37.52073746,171.0,526.0447684,0.091799066,0.585149532,110.0,89953.65539639999,15.697640286,100.060569972,18810.0,48.29041841330631,307.81485004030833,57864.924523999995,0.05371618050793711,10.09789726,64.36644851999999
32.52576982,150.0,378.1675322,0.094156988,0.726120844,19.0,56725.12983,14.1235482,108.9181266,2850.0,35.60711579134501,274.5953276544612,7185.1831118,0.06836935159505787,1.788982772,13.796296036
44.62274797,169.0,476.5902282,0.311413309,0.757081202,65.0,80543.74856580001,52.628849221,127.946723138,10985.0,148.41654000082713,360.8175028271103,30978.364833,0.23576516229651742,20.241865085,49.21027813
67.2604886,72.0,1138.298904,0.979510529,0.377850549,35.0,81957.521088,70.524758088,27.205239528,2520.0,1114.9757616171603,430.10686580249825,39840.46164,0.3701085911339304,34.282868515000004,13.224769214999998
18.29524921,21.0,837.4805336,0.17533027,0.241084832,40.0,17587.091205599998,3.68193567,5.062781472,840.0,146.83568807583208,201.90385374622633,33499.221344,0.042269468687464645,7.0132108,9.64339328
11.99986216,107.0,176.5398819,0.017161102,0.205045329,170.0,18889.7673633,1.836237914,21.939850203,18190.0,3.029618920353854,36.19867816580665,30011.779923000002,0.003518803805592558,2.9173873400000003,34.85770593
53.63921466,177.0,545.1350572,0.763364423,0.25144244,10.0,96488.9051244,135.115502871,44.50531188,1770.0,416.13670839655,137.07008891190756,5451.350572,0.1919422131283121,7.63364423,2.5144244
41.36726992,57.0,531.4083225,0.806912977,0.274731797,88.0,30290.274382500003,45.994039689,15.659712429,5016.0,428.8002715110511,145.99476338118055,46763.932380000006,0.22168465219382966,71.008341976,24.176398136
47.49304228,149.0,1407.793332,0.346304321,0.207227649,128.0,209761.206468,51.599343829000006,30.876919701000002,19072.0,487.5249139465876,291.73370246823646,180197.546496,0.07176383027937133,44.326953088,26.525139072
74.75433145,211.0,1438.92765,0.464673813,0.878220667,83.0,303613.73415000003,98.04617454299999,185.304560737,17513.0,668.6319977566295,1263.6960005477426,119430.99495000001,0.40808614599029325,38.567926479,72.892315361
53.55376907,207.0,338.7695134,0.649773683,0.756999132,159.0,70125.2892738,134.503152381,156.698820324,32913.0,220.12351441003585,256.44822759186235,53864.3526306,0.4918781140274432,103.31401559700001,120.362861988
38.43503225,40.0,1995.593946,0.048058924,0.046896468,67.0,79823.75784,1.9223569600000001,1.8758587199999999,2680.0,95.9060977856741,93.58630762958272,133704.794382,0.002253793791480432,3.219947908,3.142063356
50.63494069,180.0,570.2229778,0.949145732,0.268672482,137.0,102640.136004,170.84623176,48.36104676,24660.0,541.2247056672007,153.2032227389569,78120.5479586,0.2550093395961468,130.032965284,36.808130034
77.1240976,223.0,1954.399164,0.886680387,0.022184742,94.0,435831.01357199997,197.729726301,4.947197466,20962.0,1732.9274070879962,43.35784121835569,183713.521416,0.019670775622055152,83.34795637799999,2.085365748
41.13374541,77.0,851.522176,0.260893623,0.498165187,47.0,65567.20755199999,20.088808971000002,38.358719399,3619.0,222.15670556148365,424.1987040416869,40021.542272,0.12996812048890252,12.262000281,23.413763789
11.18992807,41.0,114.4489292,0.01530454,0.476210697,94.0,4692.4060972,0.62748614,19.524638577,3854.0,1.751588214898568,54.501804345235655,10758.1993448,0.00728818566066438,1.43862676,44.763805518
67.01855715,108.0,722.8889337,0.933436308,0.83137149,151.0,78072.0048396,100.811121264,89.78812092,16308.0,674.7707773669848,600.9892499146803,109156.22898870001,0.7760323342020589,140.948882508,125.53709499
41.47003588,68.0,1286.985122,0.501039884,0.30777724,45.0,87514.988296,34.070712112,20.92885232,3060.0,644.8308762366058,396.1047287702233,57914.33049,0.15420867262744017,22.54679478,13.849975800000001
79.75862363,238.0,1377.375631,0.539377448,0.816385735,77.0,327815.40017800004,128.371832624,194.29980493,18326.0,742.9253527861697,1124.4698168850239,106057.92358700001,0.44034005432790424,41.532063496,62.861701595
67.53340194,78.0,1085.322437,0.683963769,0.967973765,44.0,84655.15008600001,53.349173981999996,75.50195367,3432.0,742.321224590785,1050.5636455818653,47754.187228,0.6620589846025203,30.094405836,42.59084566
44.6690388,189.0,923.1771709,0.615851164,0.088408223,109.0,174480.4853001,116.39586999599999,16.709154147,20601.0,568.5397352769919,81.6164531934363,100626.3116281,0.05444630704172156,67.127776876,9.636496307
93.16882113,239.0,1128.141524,0.943891605,0.791817839,19.0,269625.82423599996,225.590093595,189.244463521,4541.0,1064.843313755506,893.2825836198466,21434.688955999998,0.7473902109213416,17.933940495,15.044538941
77.07236405,207.0,1205.758612,0.944251597,0.589955897,37.0,249592.032684,195.46008057900002,122.12087067899999,7659.0,1138.5394949775034,711.344403507935,44613.068644000006,0.5570667979018175,34.937309089,21.828368189
50.08576516,227.0,207.6639863,0.867198934,0.480045967,130.0,47139.7248901,196.85415801800002,108.970434509,29510.0,180.08598754955062,99.68825911445826,26996.318219,0.4162953508533992,112.73586142,62.40597571
30.73676735,34.0,770.8261893,0.636403597,0.420535779,171.0,26208.0904362,21.637722298,14.298216486,5814.0,490.556559532323,324.15999199087696,131811.2783703,0.2676304824227971,108.82501508700001,71.911618209
70.13315986,209.0,522.2118796,0.800949295,0.784668264,102.0,109142.2828364,167.398402655,163.995667176,21318.0,418.26523680624484,409.763089005909,53265.611719199995,0.6284794928596739,81.69682809,80.036162928
72.84461702,209.0,1616.122525,0.677168342,0.639361357,28.0,337769.607725,141.528183478,133.626523613,5852.0,1094.3870107231035,1033.2862906622663,45251.4307,0.43295527005856005,18.960713576,17.902117995999998
75.59422761,194.0,967.0862372,0.573367042,0.805044668,68.0,187614.7300168,111.233206148,156.178665592,13192.0,554.4953751822744,778.5476187540432,65761.8641296,0.461586079969032,38.988958855999996,54.743037424
55.50176866,209.0,1967.675125,0.128500353,0.903151059,148.0,411244.101125,26.856573777,188.758571331,30932.0,252.84694815181913,1777.1078729117073,291215.91849999997,0.11605522989382384,19.018052244000003,133.666356732
62.42163577,70.0,827.7076628,0.811204177,0.617263712,158.0,57939.536395999996,56.784292390000005,43.208459839999996,11060.0,671.4399133982675,510.91390439077225,130777.8107224,0.500726901484925,128.170259966,97.527666496
81.57966941,127.0,1642.042153,0.820639476,0.980462725,150.0,208539.35343100003,104.221213452,124.518766075,19050.0,1347.5246120078318,1609.961123895247,246306.32295,0.8046064168815321,123.0959214,147.06940875
63.74811404,74.0,1606.772994,0.62593967,0.60808785,58.0,118901.201556,46.31953557999999,44.998500899999996,4292.0,1005.7429576292718,977.0591353595229,93192.833652,0.3806263081600095,36.30450086,35.2690953
48.2549403,83.0,343.8992107,0.820426844,0.636644322,109.0,28543.6344881,68.095428052,52.841478726,9047.0,282.14414408869203,218.94147983243667,37485.0139663,0.5223200918489798,89.426525996,69.39423109799999
60.83285202,150.0,1040.987615,0.651484772,0.554815609,109.0,156148.14225,97.7227158,83.22234135000001,16350.0,678.1875790130988,577.5561775776825,113467.650035,0.3614539205314062,71.011840148,60.474901381
48.06335596,248.0,1406.834973,0.20668436,0.091002091,44.0,348895.073304,51.257721280000005,22.568518568,10912.0,290.7707860201223,128.02492423492853,61900.738811999996,0.01880870893699676,9.09411184,4.004092003999999
57.77206972,70.0,1723.799669,0.273961127,0.726397033,139.0,120665.97683,19.17727889,50.84779231,9730.0,472.254100041467,1252.1629650479822,239608.153991,0.1990045498101362,38.080596653,100.96918758700001
40.77221308,154.0,685.6198651,0.21458912,0.547446307,72.0,105585.4592254,33.04672448,84.306731278,11088.0,147.1265635063277,375.34006315483316,49364.630287199994,0.11747602126637983,15.45041664,39.416134103999994
28.62038855,40.0,479.4700428,0.377259083,0.450910447,140.0,19178.801712,15.09036332,18.03641788,5600.0,180.88442867269873,216.19805132205713,67125.805992,0.1701100617503401,52.81627162,63.12746258
48.86855435,92.0,1436.741588,0.038963132,0.910471278,47.0,132180.226096,3.5846081439999997,83.763357576,4324.0,55.979952143133616,1308.1119497821096,67526.854636,0.03547481258692269,1.831267204,42.792150066000005
67.11104972,186.0,1628.52704,0.618253884,0.297959452,20.0,302906.02944,114.995222424,55.420458072,3720.0,1006.8431676790234,485.23502440558207,32570.5408,0.18421458847351158,12.36507768,5.95918904
34.51694339,37.0,729.8986752,0.336554215,0.523602276,116.0,27006.250982399997,12.452505955,19.373284211999998,4292.0,245.65047566147595,382.1766075841047,84668.2463232,0.17622055297139333,39.040288939999996,60.737864015999996
39.38366118,151.0,237.5442746,0.655722635,0.697641871,162.0,35869.1854646,99.014117885,105.343922521,24462.0,155.76315766987557,165.72083217728178,38482.1724852,0.4574595659384501,106.22706687000002,113.01798310199999
61.6600545,108.0,1884.020366,0.385396621,0.796471776,38.0,203474.199528,41.622835068,86.018951808,4104.0,726.0950829515832,1500.56904692819,71592.773908,0.3069575311922689,14.645071598,30.265927488
49.7554507,79.0,825.2654411,0.681613669,0.459346808,160.0,65195.9698469,53.847479850999996,36.288397832,12640.0,562.5122052070743,379.083046121997,132042.470576,0.31309706314431857,109.05818703999999,73.49548928
43.9126995,33.0,1059.615134,0.340624569,0.842091415,169.0,34967.299422,11.240610776999999,27.789016694999997,5577.0,360.9309483246272,892.2928075454745,179074.957646,0.2868370252929751,57.565552161,142.31344913499998
46.82035594,28.0,1683.534707,0.260694528,0.768917741,162.0,47138.971796,7.299446784,21.529696748,4536.0,438.88828581298327,1294.499703801537,272732.622534,0.20045264756082123,42.232513536,124.564674042
46.19331594,109.0,1367.595728,0.496037454,0.066235978,43.0,149067.934352,54.068082486,7.219721602,4687.0,678.3787030183965,90.58404055270199,58806.616304,0.03285552589032001,21.329610522,2.848147054
50.05067423,72.0,1483.671433,0.692890359,0.045861266,102.0,106824.343176,49.888105847999995,3.302011152,7344.0,1028.0216318494145,68.04305024541418,151334.486166,0.03177682906293449,70.674816618,4.6778491319999995
35.79846977,149.0,457.6896604,0.348336604,0.620805684,160.0,68195.75939959999,51.902153995999996,92.500046916,23840.0,159.43006198964926,284.1363426843497,73230.345664,0.21624934370845714,55.73385664,99.32890944
60.50385013,103.0,1105.823549,0.936648152,0.347413408,38.0,113899.825547,96.47475965599999,35.783581024,3914.0,1035.7675836089313,384.17792780474497,42021.294861999995,0.325404126583222,35.592629775999995,13.201709504
33.01071117,111.0,1406.779579,0.039186327,0.209130791,91.0,156152.533269,4.349682297,23.213517801000002,10101.0,55.12652459961633,294.200926118917,128016.941689,0.008195067561894658,3.565955757,19.030901981
38.51258372,130.0,495.6725425,0.417946032,0.579649934,71.0,64437.430525,54.33298416,75.35449142,9230.0,207.16437230922637,287.31655654573717,35192.750517500004,0.24226238986436188,29.674168272000003,41.155145313999995
66.12309496,207.0,391.1621078,0.967580552,0.34156321,15.0,80970.5563146,200.289174264,70.70358447,3105.0,378.48084818660755,133.60658517053403,5867.431617,0.33048991927469196,14.513708280000001,5.12344815
70.51610735,218.0,1965.228269,0.547971883,0.537263417,10.0,428419.762642,119.457870494,117.12342490600001,2180.0,1076.8898350887605,1055.8452549879353,19652.28269,0.29440524628050424,5.4797188299999995,5.37263417
56.21183996,191.0,1057.439988,0.423470942,0.460119159,128.0,201971.03770800002,80.88294992200001,87.882759369,24448.0,447.79510782682877,486.5483979715301,135352.318464,0.1948470936939778,54.204280576,58.895252352
43.46960336,27.0,558.6168909,0.568520284,0.584766106,79.0,15082.656054300001,15.350047668,15.788684862,2133.0,317.58503346166503,326.6602240374199,44130.7343811,0.3324513926566941,44.913102435999996,46.196522374
71.75544175,194.0,1992.694715,0.575924575,0.400300489,102.0,386582.77471,111.72936755,77.65829486599999,19788.0,1147.6418568411214,797.6766688422156,203254.86093,0.2305428889996172,58.744306650000006,40.830649877999996
75.12133172,54.0,1932.567735,0.731647755,0.697667574,123.0,104358.65769000001,39.50897877,37.674048996,6642.0,1413.958844698185,1348.289843268125,237705.831405,0.5104469142533964,89.992673865,85.813111602
50.22827808,225.0,1138.672235,0.127689729,0.180067272,43.0,256201.252875,28.730189025,40.5151362,9675.0,145.3967491069743,205.0376030585929,48962.906105,0.02299274116344929,5.490658347,7.742892696
58.50207574,100.0,1771.140869,0.250016449,0.696501466,146.0,177114.0869,25.0016449,69.6501466,14600.0,442.81435074615416,1233.602211751014,258586.566874,0.1741368232526142,36.502401553999995,101.689214036
34.11588255,183.0,417.9788613,0.580544012,0.411661214,164.0,76490.1316179,106.23955419600001,75.334002162,30012.0,242.65512507029356,172.06568546909563,68548.5332532,0.23898745276035058,95.209217968,67.512439096
57.6361236,69.0,593.7991376,0.867116607,0.874317605,52.0,40972.1404944,59.831045883,60.327914745,3588.0,514.8930934352381,519.1690398374974,30877.5551552,0.7581353150879663,45.090063564000005,45.46451546
54.79760923,123.0,1415.697768,0.561866692,0.515236055,114.0,174130.825464,69.10960311599999,63.374034765000005,14022.0,795.4334217779434,729.4185330566253,161389.545552,0.28949397782198005,64.05280288799999,58.73691027
69.40394249,151.0,1700.989227,0.23859686,0.973110349,20.0,256849.373277,36.028125859999996,146.939662699,3020.0,405.8506884560272,1655.2502203312104,34019.78454,0.23218107370490415,4.7719372,19.46220698
60.80873282,21.0,1719.832369,0.67984478,0.601935396,162.0,36116.479749,14.276740380000001,12.640643316,3402.0,1169.2190585396838,1035.2279780876331,278612.843778,0.4092226368678329,110.13485436,97.513534152
45.63617692,153.0,838.7908479,0.73990876,0.223849066,141.0,128334.9997287,113.20604028000001,34.248907098000004,21573.0,620.6286961690377,187.76254787176308,118269.5095539,0.16562788485121818,104.32713516000001,31.562718306
61.87414047,73.0,1781.151693,0.238236152,0.821790637,10.0,130024.073589,17.391239096,59.990716501,730.0,424.33472546860537,1463.7337843840985,17811.51693,0.19578023910850884,2.38236152,8.21790637
45.61031918,125.0,1709.310475,0.377728886,0.345082628,162.0,213663.809375,47.21611075,43.1353285,20250.0,645.6559415498808,589.8533507809283,276908.29695,0.1303476766523924,61.192079532,55.903385736
51.6916765,23.0,1874.488239,0.534327474,0.347619214,52.0,43113.229497,12.289531902,7.995241922,1196.0,1001.5905657875784,651.6081282934242,97473.388428,0.18574249653048544,27.785028648,18.076199128
37.05266727,73.0,1581.41427,0.496561191,0.031804681,73.0,115443.24171,36.248966943,2.321741713,5329.0,785.2689533755956,50.29637638619787,115443.24171,0.015792970276735072,36.248966943,2.321741713
58.20625597,240.0,1354.527097,0.389618086,0.548715309,81.0,325086.50328,93.50834064,131.69167416,19440.0,527.7482549682762,743.2497545792279,109716.694857,0.21378940845147856,31.559064965999998,44.445940029
42.65447935,210.0,1182.338912,0.297635175,0.534423504,178.0,248291.17151999997,62.50338675,112.22893584,37380.0,351.90564898242957,631.8697042665876,210456.326336,0.1590632331371532,52.97906114999999,95.12738371200001
25.60916281,165.0,775.9513948,0.099984887,0.355991484,135.0,128031.980142,16.497506355,58.738594860000006,22275.0,77.58341252657038,276.2320885467219,104753.438298,0.03559376830070231,13.497959745,48.058850340000006
68.70452913,237.0,1883.260213,0.053485297,0.894217263,160.0,446332.670481,12.676015389,211.929491331,37920.0,100.72673182058827,1684.043793185657,301321.63408,0.047827475894082115,8.55764752,143.07476208
61.29033513,63.0,1948.644482,0.958541497,0.128748398,100.0,122764.60236599999,60.388114311,8.111149073999998,6300.0,1867.8565988970695,250.8848553290398,194864.44819999998,0.12341068215527179,95.85414970000001,12.874839799999998
68.59909671,181.0,603.6459007,0.847143144,0.330099513,120.0,109259.9080267,153.332909064,59.748011853,21720.0,511.3744861817098,199.26321784551635,72437.508084,0.2796415392756889,101.65717728,39.61194156
41.8397332,221.0,645.4595277,0.35490519,0.321582765,169.0,142646.55562169998,78.43404699,71.069791065,37349.0,229.07693631567875,207.56865961336007,109082.6601813,0.11413139231305035,59.978977109999995,54.347487285
66.34367855,209.0,996.9468195,0.956800885,0.092290586,41.0,208361.88527549998,199.971384965,19.288732474,8569.0,953.8795991955352,92.00880618249121,40874.8195995,0.08830371436196861,39.228836285,3.7839140259999997
63.50019879,247.0,924.4270788,0.676769904,0.481145394,31.0,228333.4884636,167.162166288,118.842912318,7657.0,625.6244253744765,444.7838310534951,28657.2394428,0.3256247221074222,20.979867024,14.915507214
67.66228134,33.0,1989.192052,0.48252095,0.687784717,48.0,65643.33771600001,15.92319135,22.696895661,1584.0,959.8268386634894,1368.1358925434693,95481.218496,0.33187053504232117,23.1610056,33.013666416
40.58494787,114.0,393.0542427,0.493025658,0.511657014,32.0,44808.183667799996,56.204925012,58.328899596,3648.0,193.78582663685918,201.10896015991327,12577.7357664,0.25226003599766517,15.776821056,16.373024448
10.38814992,67.0,85.24695905,0.083284411,0.156977683,74.0,5711.5462563500005,5.580055537,10.517504761,4958.0,7.09974277402037,13.381870114464881,6308.2749697,0.013073793868799715,6.163046414,11.616348542
35.70860815,34.0,1013.092745,0.091704147,0.377285965,153.0,34445.15333,3.117940998,12.827722810000001,5202.0,92.90480601211353,382.22567393182396,155003.189985,0.03459868759539685,14.030734491,57.724752645
43.37057276,219.0,398.704283,0.602440926,0.002595024,16.0,87316.237977,131.934562794,0.568310256,3504.0,240.19577745068605,1.034647183287792,6379.268528,0.001563348661552224,9.639054816,0.041520384
72.35271309,225.0,764.6141299,0.553703052,0.868301107,79.0,172038.1792275,124.58318670000001,195.36774907499998,17775.0,423.36917732795445,663.9152954200117,60404.5162621,0.4807809730008786,43.742541108000005,68.595787453
41.82950719,234.0,1501.13252,0.212727895,0.084517008,109.0,351265.00968,49.77832743,19.776979872000002,25506.0,319.3327610956454,126.87122920190018,163623.44468000002,0.01797912520353816,23.187340555,9.212353872000001
84.28131139,209.0,1455.832852,0.946194543,0.597278082,43.0,304269.066068,197.754659487,124.83111913799999,8987.0,1377.5011000825268,869.5370535551499,62600.812636,0.5651412618419065,40.686365349,25.682957526
68.386568,59.0,650.7185441,0.78129605,0.986256996,139.0,38392.394101900005,46.09646695,58.189162764,8201.0,508.40382816708086,641.7757165455596,90449.8776299,0.7705586952596659,108.60015095,137.08972244400002
48.03049368,232.0,1107.95345,0.113464602,0.536590646,28.0,257045.2004,26.323787664,124.48902987199999,6496.0,125.7134972387769,594.5174574734286,31022.6966,0.06088404408531289,3.177008856,15.024538087999998
95.93861721,227.0,1042.18745,0.930929106,0.924041759,52.0,236576.55114999998,211.320907062,209.757479293,11804.0,970.2026311129196,963.0247245057244,54193.74739999999,0.8602173686125374,48.408313512,48.050171467999995
66.23308939,101.0,1290.848605,0.974248209,0.236116533,95.0,130375.70910499999,98.399069109,23.847769832999997,9595.0,1257.6069415113984,304.79069724048645,122630.61747499999,0.2300361093905394,92.553579855,22.431070634999998
66.97015301,130.0,538.4005463,0.995931242,0.759955409,51.0,69992.071019,129.47106146000002,98.79420317,6630.0,536.2099247700376,409.1604073692399,27458.4278613,0.7568633343499881,50.792493342,38.757725859000004
36.56289525,72.0,1200.248153,0.055871155,0.531265754,112.0,86417.867016,4.02272316,38.251134287999996,8064.0,67.05925059472672,637.6507399906524,134427.793136,0.02968243128792587,6.25756936,59.501764447999996
74.24453438,43.0,1958.841074,0.737035557,0.720516061,145.0,84230.166182,31.692528951,30.982190623,6235.0,1443.735522050068,1411.3764547634894,284031.95573,0.531045956346581,106.870155765,104.474828845
45.3018438,173.0,999.1471983,0.54591577,0.062341363,146.0,172852.4653059,94.44342821000001,10.785055799,25258.0,545.4502121032872,62.28819817965328,145875.4909518,0.03403313318499451,79.70370242,9.101838998
61.22984517,236.0,1816.892636,0.705831484,0.147739092,109.0,428786.662096,166.576230224,34.866425711999995,25724.0,1282.4200255365517,268.4260683041265,198041.297324,0.10427890255117252,76.93563175599999,16.103561027999998
57.81109057,207.0,897.0690127,0.968651944,0.133116929,116.0,185693.28562890002,200.510952408,27.555204303,24012.0,868.9476430540157,119.415072071686,104060.0054732,0.12894397205515998,112.363625504,15.441563764
57.00238824,143.0,732.652895,0.68803001,0.687165505,109.0,104769.36398499999,98.38829143,98.26466721499999,15587.0,504.0871786733789,503.45379658238693,79859.165555,0.472790489276805,74.99527109,74.901040045
71.20185861,60.0,1307.951556,0.836963874,0.844440673,65.0,78477.09336,50.21783244,50.666440380000004,3900.0,1094.708201314088,1104.4874922000372,85016.85114,0.7067663370372472,54.40265181,54.888643745
77.78019972,176.0,1354.401916,0.866868705,0.749616232,176.0,238374.737216,152.56889208,131.932456832,30976.0,1174.0886349724387,1015.2816608855006,238374.737216,0.6498188522808196,152.56889208,131.932456832
54.49403683,34.0,1735.126752,0.838480764,0.030472153,105.0,58994.309568,28.508345976,1.036053202,3570.0,1454.8704046537985,52.87304786133705,182188.30896,0.025550314128164893,88.04048022,3.199576065
38.86977346,64.0,498.8612731,0.426091475,0.867214981,73.0,31927.1214784,27.2698544,55.501758784,4672.0,212.56053567555682,432.6199694730523,36416.8729363,0.369512910396387,31.104677675,63.30669361300001
33.716237,84.0,1023.427091,0.222576418,0.354146671,138.0,85967.875644,18.696419112,29.748320364,11592.0,227.79073599894005,362.4432972888641,141232.938558,0.07882469747780449,30.715545684,48.872240598000005
46.73595343,108.0,1165.408188,0.396651602,0.397163833,125.0,125864.08430400002,42.838373016,42.893693964,13500.0,462.2610247541172,462.8579829556647,145676.0235,0.15753567061591048,49.581450249999996,49.645479125
64.96727813,90.0,1548.680328,0.891896909,0.104869167,42.0,139381.22952,80.27072181,9.43822503,3780.0,1381.2631975723061,162.40881594664677,65044.573776,0.09353248589670479,37.459670177999996,4.404505014
29.38561286,28.0,135.0273549,0.146604822,0.737405206,77.0,3780.7659372000003,4.104935016,20.647345768,2156.0,19.795661330245327,99.56987445566962,10397.1063273,0.10810715896750334,11.288571294,56.780200862
58.49372608,107.0,1989.373496,0.513326169,0.182283878,132.0,212862.964072,54.92590008300001,19.504374946000002,14124.0,1021.1974754118169,362.6307156412975,262597.30147199996,0.0935710847642034,67.759054308,24.061471896
45.34388727,148.0,966.3918023,0.233228072,0.563965092,111.0,143025.9867404,34.517754656,83.466833616,16428.0,225.38969684703417,545.0112416921653,107269.4900553,0.13153249108246262,25.888315992000003,62.600125212
57.48975069,155.0,595.1426665,0.581305417,0.840709986,97.0,92247.1133075,90.102339635,130.31004783,15035.0,345.95965592427444,500.3423828212177,57728.8386505,0.4887092689877942,56.38662544900001,81.548868642
67.72735197,235.0,1772.813343,0.863138522,0.089204329,36.0,416611.135605,202.83755266999998,20.963017315,8460.0,1530.183488658899,158.14262470456185,63821.280348,0.07699569268906173,31.072986792,3.211355844
69.17485323,82.0,1508.051609,0.880359969,0.535335564,127.0,123660.23193800001,72.189517458,43.897516248,10414.0,1327.6282677496401,807.3136586451226,191522.55434300003,0.4712880005276376,111.805716063,67.98761662800001
49.32018203,158.0,1908.490102,0.236685194,0.233216412,142.0,301541.436116,37.396260651999995,36.848193096,22436.0,451.7113500389498,445.09121392595404,271005.594484,0.05519887171820393,33.609297548,33.116730504
57.32479193,100.0,694.9630941,0.907693706,0.342926864,56.0,69496.30941,90.7693706,34.2926864,5600.0,630.8136264168558,238.32151445544991,38917.933269600006,0.311272556071118,50.830847536,19.203904384
53.7999868,155.0,1127.891685,0.591888739,0.473969941,34.0,174823.211175,91.74275454500001,73.465340855,5270.0,667.5863871632353,534.5867553938406,38348.31729,0.28053747070239443,20.124217126,16.114977994
45.52951824,182.0,1165.970315,0.350218247,0.355104303,45.0,212206.59733000002,63.739720954,64.628983146,8190.0,408.3440797733378,414.04107602676544,52468.664175,0.12436400649881683,15.759821115,15.979693635
87.95737594,182.0,1961.646588,0.708181196,0.64882284,46.0,357019.679016,128.88897767199998,118.08575688,8372.0,1389.2012268191593,1272.76111030247,90235.743048,0.4594841348233166,32.576335016,29.845850640000002
34.96399934,52.0,196.9251992,0.481666988,0.479582102,16.0,10240.110358400001,25.046683376,24.938269304000002,832.0,94.85236755996402,94.44180096910472,3150.8031872,0.23099886656904878,7.706671808,7.673313632
44.49369407,142.0,646.1091876,0.37798759,0.584199485,156.0,91747.50463920001,53.67423778,82.95632687,22152.0,244.2212546977819,377.4566546496884,100793.03326560001,0.22082015541439112,58.96606404,91.13511966
51.19425418,24.0,422.2765107,0.705084364,0.736822475,6.0,10134.6362568,16.922024735999997,17.6837394,144.0,297.7405649790487,311.142823748338,2533.6590642,0.5195220061662809,4.230506183999999,4.42093485
33.65057232,60.0,573.5259709,0.248724154,0.557742266,51.0,34411.558253999996,14.92344924,33.46453596,3060.0,142.64976190913112,319.879674619616,29249.824515899996,0.13872397326089297,12.684931854,28.444855566
44.31807973,47.0,996.2957548,0.330252529,0.586535435,106.0,46825.9004756,15.521868863000002,27.567165445,4982.0,329.0291926546639,584.3627639302714,105607.3500088,0.19370481075686513,35.006768074,62.17275611000001
43.00814534,154.0,776.7393908,0.434451844,0.564458543,154.0,119617.8661832,66.905583976,86.926615622,23716.0,337.4558606404966,438.4371848216756,119617.8661832,0.24523005486790328,66.905583976,86.926615622
43.97352102,220.0,819.6483603,0.253682174,0.378772626,95.0,180322.639266,55.81007828,83.32997772,20900.0,207.93017795643928,310.4603618274252,77866.5942285,0.09608786321536891,24.09980653,35.98339947
47.28010181,91.0,1696.215624,0.405202087,0.337446834,115.0,154355.621784,36.873389917,30.707661893999997,10465.0,687.3101108468072,572.3825921001344,195064.79676,0.13673416138834255,46.598240005,38.806385909999996
62.30325209,31.0,1863.532828,0.571473025,0.899647397,169.0,57769.517668,17.715663775,27.889069307,5239.0,1064.9587424039646,1676.5224579342487,314937.047932,0.5141242193969658,96.578941225,152.040410093
53.7667769,181.0,187.3114552,0.740973861,0.607555222,62.0,33903.3733912,134.116268841,109.96749518200001,11222.0,138.79289216907253,113.80205274717906,11613.310222400001,0.4501825386160521,45.940379381999996,37.668423764
44.79219009,52.0,457.3914993,0.767194853,0.244353155,6.0,23784.3579636,39.894132356,12.706364059999999,312.0,350.9084040689131,111.7650559241353,2744.3489958,0.1874664828303112,4.603169118,1.46611893
61.20105952,67.0,1358.729858,0.822790352,0.498247698,68.0,91034.900486,55.126953584,33.382595766,4556.0,1117.9498181367298,676.9840239523669,92393.63034399999,0.40995339882060966,55.949743936,33.880843464
62.42531901,170.0,749.3612235,0.744211657,0.330348481,60.0,127391.40799500002,126.51598169,56.15924177,10200.0,557.6833578324824,247.55034190352654,44961.67341,0.24584919043244305,44.652699420000005,19.820908860000003
51.36992577,81.0,545.6191157,0.681039427,0.933691824,120.0,44195.148371699994,55.164193587,75.629037744,9720.0,371.58812991657464,509.44010734719996,65474.29388399999,0.6358809448115448,81.72473124,112.04301887999999
27.10397706,235.0,625.8166474,0.237506471,0.007534363,173.0,147066.912139,55.814020685,1.770575305,40655.0,148.63550341702532,4.715129792954606,108266.2800002,0.001789459967362973,41.088619483,1.303444799
24.70707576,56.0,678.9739903,0.400222893,0.225332798,148.0,38022.5434568,22.412482008,12.618636688,8288.0,271.74093466961995,152.99510900352385,100488.1505644,0.09018334430334463,59.232988164000005,33.349254104
60.4024226,118.0,1704.9061,0.477714891,0.36535682,154.0,201178.9198,56.370357137999996,43.11210476,18172.0,814.459031726735,622.899071094602,262555.5394,0.17453639344240662,73.568093214,56.26495028
33.20538911,191.0,316.4115963,0.082891322,0.487809801,58.0,60434.6148933,15.832242502000001,93.171671991,11078.0,26.227775513437308,154.34867782519532,18351.8725854,0.04043519928944692,4.807696676,28.292968458
69.14826155,123.0,1432.376444,0.528370121,0.850817518,142.0,176182.302612,64.989524883,104.65055471400001,17466.0,756.8249150338297,1218.6909709257461,203397.455048,0.44954655493457973,75.028557182,120.81608755600001
42.50112718,233.0,1127.998955,0.436335832,0.087887625,62.0,262823.756515,101.666248856,20.477816625,14446.0,492.18636252505553,99.13714915743188,69935.93521,0.038348519976879,27.052821584,5.44903275
71.91861892,238.0,628.1947801,0.802109249,0.805864887,122.0,149510.3576638,190.902001262,191.795843106,29036.0,503.88084329173114,506.24011547927637,76639.7631722,0.6463916793070399,97.857328378,98.315516214
49.46460467,54.0,868.5726701,0.977900669,0.055653489,159.0,46902.9241854,52.806636125999994,3.005288406,8586.0,849.3777951659063,48.339099541110976,138103.0545459,0.05442358412528414,155.48620637099998,8.848904751
57.43350028,212.0,549.60354,0.556005039,0.842314035,174.0,116515.95047999998,117.873068268,178.57057542,36888.0,305.582337692238,462.9387754276839,95631.01595999999,0.46833084788042234,96.74487678599999,146.56264209
54.22908845,246.0,1242.451736,0.322686388,0.051635478,40.0,305643.127056,79.380851448,12.702327588,9840.0,400.9222629541695,64.15458928028981,49698.06944,0.01666206588847346,12.90745552,2.06541912
8.725276977,120.0,209.1086518,0.043400783,0.018242481,68.0,25093.038215999997,5.208093959999999,2.1890977200000004,8160.0,9.075479220194358,3.814660607397116,14219.3883224,0.000791737959262623,2.951253244,1.240488708
71.75494755,194.0,60.11048241,0.92464333,0.696961462,30.0,11661.433587540001,179.38080602,135.210523628,5820.0,55.580756623488824,41.894689701998885,1803.3144723,0.6444407671053485,27.7392999,20.908843859999998
100.9608407,225.0,1274.394109,0.919115715,0.997255535,95.0,286738.67452500004,206.801035875,224.382495375,21375.0,1171.315652685323,1270.8965789716433,121067.44035500001,0.9165932340892325,87.315992925,94.73927582499999
43.88823279,150.0,428.8342093,0.252990168,0.896610263,80.0,64325.131395,37.9485252,134.49153945,12000.0,108.49083865495417,384.49715318387007,34306.736744,0.2268335810668942,20.23921344,71.72882104
38.78685897,20.0,188.3347881,0.695411123,0.575998418,43.0,3766.695762,13.90822246,11.51996836,860.0,130.97010649258803,108.48053999996522,8098.3958883,0.4005557067076034,29.902678288999997,24.767931974
40.36794881,24.0,823.7284631,0.075434547,0.917395613,135.0,19769.483114399998,1.810429128,22.017494712,3240.0,62.137583464954716,755.6848783511724,111203.3425185,0.06920332248644231,10.183663845,123.84840775500001
28.04288054,237.0,148.9986355,0.166215432,0.005300006,140.0,35312.6766135,39.393057384,1.2561014220000002,33180.0,24.765872567043036,0.7896936621418131,20859.808970000002,0.000880942786892592,23.27016048,0.74200084
60.56424928,161.0,1778.90344,0.216809107,0.975067163,167.0,286403.45384000003,34.906266227,156.985813243,26887.0,385.6824662656281,1734.5503304917406,297076.87448,0.21140344087505344,36.207120869,162.836216221
26.99286411,122.0,103.8527052,0.294493947,0.490748779,96.0,12670.0300344,35.928261534,59.871351038,11712.0,30.583993060975423,50.965588272746956,9969.8596992,0.1445225449131407,28.271418911999998,47.111882784
71.77937569,46.0,1178.786546,0.995831375,0.722896097,22.0,54224.181116,45.80824325,33.253220462,1012.0,1173.8726269346807,852.140193299511,25933.304012,0.7198826142576433,21.90829025,15.903714134000001
57.59702933,156.0,905.0245399,0.696925056,0.820861473,133.0,141183.8282244,108.72030873599999,128.054389788,20748.0,630.7342781511818,742.8997769234613,120368.26380670001,0.5720789280387675,92.691032448,109.174575909
56.50200059,226.0,1360.450964,0.384201831,0.718457271,176.0,307461.917864,86.829613806,162.371343246,39776.0,522.6877513545152,977.4258869247593,239439.36966400003,0.2760325990134632,67.619522256,126.448479696
41.5722047,34.0,689.8977016,0.737100706,0.535036732,113.0,23456.5218544,25.061424004,18.191248888,3842.0,508.5240829171373,369.1206116783752,77958.4402808,0.3943759528931328,83.292379778,60.459150716
46.26536853,109.0,352.3311526,0.915254342,0.476619484,157.0,38404.0956334,99.762723278,51.951523756,17113.0,322.4726172390146,167.92789214933725,55315.9909582,0.43622805221279953,143.694931694,74.82925898799999
87.19456977,61.0,1964.589732,0.958702407,0.838582559,30.0,119839.973652,58.480846827,51.153536099,1830.0,1883.4569048358849,1647.4706848456842,58937.69196,0.8039511177815195,28.76107221,25.15747677
40.40205402,143.0,1685.920329,0.057863898,0.20507756,93.0,241086.607047,8.274537414,29.326091079999998,13299.0,97.55392195338244,345.7444274257172,156790.590597,0.011866587013928879,5.381342514,19.07221308
81.29745216,224.0,1727.789006,0.394521799,0.967994067,166.0,387024.737344,88.372882976,216.830671008,37184.0,681.6504269395418,1672.4895068358273,286812.974996,0.38189476073416656,65.490618634,160.687015122
38.72835637,198.0,537.990153,0.106756066,0.710952479,34.0,106522.05029399999,21.137701068,140.768590842,6732.0,57.433712281018096,382.4854329529393,18291.665202,0.07589848977098762,3.629706244,24.172384286
26.70330343,82.0,125.7277321,0.335660065,0.199506927,68.0,10309.6740322,27.52412533,16.359568014,5576.0,42.201778728988586,25.083553469950257,8549.4857828,0.06696650808477025,22.82488442,13.566471036
34.34554831,115.0,641.3677536,0.169679904,0.736247184,155.0,73757.291664,19.51318896,84.66842616,17825.0,108.82721885954365,472.2052024964059,99412.001808,0.12492635150139034,26.300385119999998,114.11831352
49.82803569,71.0,1097.310733,0.646848362,0.529840023,159.0,77909.062043,45.926233702,37.618641633,11289.0,709.7936502460693,581.3991440108668,174472.406547,0.3427261509995923,102.848889558,84.244563657
46.09879211,115.0,686.9699215,0.388268384,0.707230096,161.0,79001.5409725,44.650864160000005,81.33146104,18515.0,266.7287012774119,485.84580353155746,110602.15736150001,0.27459508649008485,62.511209824000005,113.864045456
52.70486189,151.0,1664.344557,0.229394746,0.767779501,119.0,251316.028107,34.638606646,115.934704651,17969.0,381.7918969094975,1277.849633465526,198057.00228299998,0.17612458361590175,27.297974774,91.365760619
38.67476088,241.0,579.5086858,0.265937925,0.08729018,54.0,139661.59327779998,64.091039925,21.036933379999997,13014.0,154.11333742112896,50.58541749504544,31293.4690332,0.0232137693420765,14.36064795,4.7136697199999995
70.62055432,248.0,1932.241069,0.360345095,0.506103956,86.0,479195.78511199995,89.36558356,125.513781088,21328.0,696.2735915717066,977.9148489665689,166172.73193399998,0.18237207810469583,30.98967817,43.524940216000005
58.13586605,170.0,941.6670651,0.259949863,0.932014342,89.0,160083.401067,44.19147671,158.44243814,15130.0,244.78622456435707,877.6472100622476,83808.3687939,0.24227700051693515,23.135537807,82.949276438
58.16450261,162.0,1691.944996,0.453240847,0.320642192,110.0,274095.089352,73.42501721400001,51.944035104,17820.0,766.8585830644516,542.5089522608712,186113.94956,0.14532813868601663,49.85649317,35.27064112
42.24025242,190.0,429.0410663,0.032315951,0.593883098,153.0,81517.802597,6.140030690000001,112.83778862000001,29070.0,13.864870075538553,254.80023762346744,65643.2831439,0.0191918970946962,4.944340503,90.86411399400001
26.30588659,48.0,852.1401149,0.279763507,0.369230482,123.0,40902.7255152,13.428648336000002,17.723063136,5904.0,238.39770699980696,314.6361053560624,104813.23413269999,0.1032972145356204,34.410911361000004,45.415349286
44.15468193,55.0,1414.048811,0.411206721,0.454267972,91.0,77772.68460499999,22.616369655,24.984738460000003,5005.0,581.4663749052587,642.3570856819813,128678.441801,0.1867980432214398,37.419811611,41.338385452000004
35.65356914,32.0,319.7885302,0.602781882,0.548603118,68.0,10233.2329664,19.289020224,17.555299776,2176.0,192.76273207596986,175.43698476835715,21745.620053600003,0.33068801993910807,40.989167976000005,37.30501202399999
33.93198499,179.0,308.8535734,0.270957643,0.54892198,109.0,55284.7896386,48.501418097000006,98.25703442000001,19511.0,83.68623628059152,169.53651504080335,33665.0395006,0.14873460589169316,29.534383087000002,59.832495820000005
40.12675867,90.0,1940.596891,0.133185125,0.201730462,54.0,174653.72019,11.98666125,18.15574158,4860.0,258.4586395024463,391.4775073771936,104792.232114,0.026867496797777748,7.1919967499999995,10.893444947999999
60.05829144,206.0,1443.460453,0.07620038,0.684571548,76.0,297352.853318,15.697278279999999,141.021738888,15656.0,109.99223503357213,988.1519567869911,109702.99442799999,0.05216461209478824,5.79122888,52.027437647999996
52.26906284,105.0,130.0816577,0.940531827,0.087868111,6.0,13658.574058499999,98.755841835,9.226151655,630.0,122.34593917576962,11.430029537847604,780.4899462,0.0826427549738688,5.643190962,0.5272086659999999
24.07476626,47.0,827.7007578,0.416639058,0.138824773,146.0,38901.9356166,19.582035726,6.524764331000001,6862.0,344.85246403567817,114.90536981351299,120844.3106388,0.05783982264978384,60.829302468,20.268416858000002
30.07716794,85.0,895.3654383,0.581162621,0.002710899,128.0,76106.0622555,49.39882278500001,0.23042641500000002,10880.0,520.3529248752419,2.427245271322032,114606.7761024,0.001575473168106279,74.388815488,0.346995072
71.72890601,189.0,1500.883154,0.919176552,0.116696064,67.0,283666.916106,173.724368328,22.055556096,12663.0,1379.5766024486052,175.14715659570587,100559.17131800001,0.10726428573949133,61.584828984000005,7.818636288
23.32190493,64.0,539.1780283,0.08274842,0.473166201,37.0,34507.3938112,5.29589888,30.282636864,2368.0,44.61612994054029,255.1208193133815,19949.5870471,0.03915375553015242,3.06169154,17.507149437
53.4721181,81.0,409.4506649,0.876661486,0.606101881,163.0,33165.5038569,71.00958036600001,49.094252360999995,13203.0,358.94962833492207,248.16881817259065,66740.4583787,0.5313461756648552,142.895822218,98.79460660299999
57.91296117,204.0,207.7022849,0.551587873,0.79428945,34.0,42371.2661196,112.523926092,162.0350478,6936.0,114.56606154523102,164.9757336369643,7061.8776866,0.43812042827183983,18.753987682,27.0058413
23.67615821,153.0,885.2132261,0.164834261,0.10669925,54.0,135437.6235933,25.219641933000002,16.32498525,8262.0,145.91346795161942,94.45158731495043,47801.514209400004,0.01758769202300425,8.901050094,5.7617595
